<world>
 <room name="sever" doors="jih">
  <desc value="prisel jsi do mistnosti, je fakt oskliva a uprostded je neco cerneho"/>
  <item name="mec" attack="5" put="2">
   <desc value="kratky mec"/>
  </item>
  <creature name="krtek" attack="7" live="20" def="5" con="5" str="2" exp="20"/>
  <creature name="jezek" attack="5" live="10" def="2" con="5" str="2" exp="10">
   <item name="bodlina" attack="2" put="2"/>
  </creature>
 </room>
 
 <room name="jih" doors="sever">
  <item name="stul" put="0">
   <desc value="zapraseny, hranaty stul"/>
  </item>
  <item name="zidle" put="0"/>
 </room>

 <hero start="sever" def="2" str="4" attack="4" con="3" live="35" curlive="26">
  <item name="nuz" put="2" attack="10"/>
  <item name="leceni" put="4" live="10">
   <desc value="prida 10 zivoty k tvemu maximu"/>
  </item>
 </hero>
</world>