<WORLD> 
 <ROOM name="kanal" doors="hlChodba">
  <desc value="Jsi prumerny hrdina. Pri ceste lesem jsi nahodou spadl do kanalu a objevil jsi se ve slozite siti podzemnich chodeb. Musis najit cestu ven, snadne to asi nebude."/> 
  </ROOM>

 <ROOM name="hlChodba" doors="straznice zbrojnice2 zbrojnice1 kanal">
  <desc value="Z teto chodby vedou jedny dvere vlevo, druhe vpravo a nakonec se chodba otaci doleva a vede ke tretim dverim. Taky tu je ten kanal, kterym jsi sem spadnul . "/> 
  </ROOM>

 <ROOM name="straznice" doors="hlChodba zbrojnice1">
  <desc value="Ocitl jsi se ve straznici a vypada to tu, ze je tu jakysi strazny, ha je to ork. Sedi u stolu, ale jakmile te uvidel, vrha se na tebe. "/> 
 <ITEM name="stul" put="0">
  <Desc value="Mohutny stul z duboveho dreva a na nem spousta bordelu, ale zadny te nezajima"/>
 </ITEM>
 <CREATURE NAME="ork" meet="100" str="4" con="2" live="20" attack="3" def="4" exp="60" agr="100">
   <desc value="Je to odporny, smrduty strazny, ale zadny silak, zbran nema, ale pekne mu smrdi z pusy"/>
  </CREATURE>
  </ROOM>

 <ROOM name="zbrojnice1" doors="hlChodba straznice">
  <desc value="Toto je zrejme byvala zbrojnice, ale ted uz tu je jen par polamanych mecu. Neni tu nic, co by ti pripadalo zajimave, ale presvec se sam."/> 

 <ITEM name="mec" meet="50" attack="2" put="2">
  </ITEM>
 <ITEM name="klacek" meet="100" attack="1" def="2" put="2">
  </ITEM>
 <ITEM name="stit" meet="100" def="2" put="2"/>
 <ITEM name="brneni" meet="100" def="2" con="3" put="3">
  <DESC value="Kozene brneni v horsim stavu, ale zpocatku by melo stacit."/> 
 </ITEM>
  </ROOM>

 <ROOM name="zbrojnice2" doors="hlChodba kovarna chodba2">
  <desc value="Zbrojnice, je tu jenom bordel, ale vypada to, ze v jedne hromade bordelu cosi lezi.  "/>
<CREATURE NAME="banda skretu" meet="100" str="5" con="2" live="50" attack="3" def="4" exp="150" agr="100">
   <desc value="Skupina skretu se prave vyzbrojovala,kdyz te zahledla,utoci na tebe..."/>
</CREATURE>
 <ITEM name="kamen" meet="100" attack="1" put="2">
  </ITEM>
 <ITEM name="jidlo" meet="100" curlive="20" put="4">
  <desc value="Heleme se jidlo, to ti urcite doda energii." /> 
  </ITEM>
 
  </ROOM>

 <ROOM name="kovarna" doors="zbrojnice2 chodba2">
  <desc value="Jsi v kovarne, je tu par zrezlych mecu, ale zaujal te jen jeden. Pak je tu uz jen kovadlina, par kladiv se ztrouchnivelou nasadou a rozmlaceny krb"/> 
 <ITEM name="savle" meet="100" str="2" con="1" live="" attack="5" def="2" put="2">
  <desc value="Velmi zajimava alchimisticka prace, vypada to, ze ti padne perfektne do ruky."/> 
    </ITEM>
 <CREATURE NAME="zlobr" meet="80" agr="50" str="5" con="3" live="25" attack="6" def="4" exp="150">
    <item name="nozik" meet="30" attack="2" def="1" put="2"/> 
    <desc value="Je to odporny zeleny zlobr a prave se zveda z odpadku, kde se zivil."/>
  </CREATURE>
 </ROOM>
 
 <ROOM name="chodba2" doors="zbrojnice2 kovarna schodiste skladiste">
  <desc value="Chodba zvlastniho tvaru, dostat se odsud muzes do zbrojnice, do kovarny, na schodiste a taky kupodivu do skladiste."/> 
 <ITEM name="informacni tabule" put="0">
   <DESC value="Pokud te hra uz nebavi, tak jdi hned po schodech nahoru a hra zkonci. Kdyz chces zazit jeste dobrodruzstvi, vem to ke schodum pres skladiste"/>
 </ITEM>  
 </ROOM>
      
 <ROOM name="skladiste" doors="chodba2 kuchyn">
  <desc value="Ocitl jsi se ve skladisti. Je tu spousta sklenic se zavareninami, ale neodvazujes se hadat, co v nich je. Taky tu je par lahvi s jakymsi humusem, chces-li ochutnat, ochutnej "/> 
 <ITEM name="absint" meet="100" str="-2" live="-5" put="4">
    <desc value="Demon alkohol...to je mrska."/> 
	 </ITEM>
 <ITEM name="red bull" meet="100" str="2" curlive="5" put="4">
    <desc value="Red bull vam dava kridla."/> 
	 </ITEM>
  <ITEM name="zavarovana ocka" meet="100"  con="-6" live="-3"  put="4">
   <desc value="Ocicka, ouska, jazycky, nehtiky, stroupky nalozene v hnisu. Dobrou chut!"/> 
  </ITEM>
  <ITEM name="svitek" meet="100"  put="1">
    <desc value="Nesmis v kuchyni sebrat varecku,jinak te kucharka zabije."/> 
	 </ITEM>
   <CREATURE NAME="kostlivec" meet="100" str="3" con="3" live="30" attack="5" def="4" exp="100" agr="100">
  <item name="velky stit" meet="100" def="4" con="1"  put="2"/> 
  <desc value=" Kostlivec si chce branit svoje zavareniny a sve bumbani a zadarmo se nerozdeli. Radeji polozi zivot, nez prijit o zasoby."/> 
  </CREATURE>
 </ROOM>

  <ROOM name="kuchyn" doors="skladiste sal">
  <desc value="Jsi v polorozpadle kuchyni, ale je poznat,ze se jeste nekdy vyuziva. "/> 
  <ITEM name="varecka" meet="100"  put="1" end="a">
    <desc value="V tom okamziku, kdyz jsi sahl pro varecku, tak se na tebe vyritila pekne nastvana kucharka s velkym kuchynskym nozem a bodla ti ho primo do srdce...priste neber cizi predmety, je mi lito,hra konci."/> 
	 </ITEM>
 <ITEM name="zbytek jidla" meet="100" curlive="15" put="4">
    <desc value="Jidlo,ktere tlustoch jeste nestihl snist."/> 
 </ITEM>
	 <CREATURE NAME="tlustoch" meet="100" str="3" con="4" live="70" attack="3" def="5" exp="100" agr="80">
  <desc value="Vypada na pravidelneho stravnika. "/> 
  </CREATURE>
   <ITEM name="vino" meet="100" live="5" put="4"/> 
  </ROOM>
  
   <ROOM name="sal" doors="kuchyn schodiste" >
    <desc value="Asi shromazdiste ruznych potvor. "/>
	<CREATURE NAME="sef trpasliku" meet="100" str="7" con="7" live="100" attack="5" def="5" exp="300" agr="100">
	<DESC value="Ten chlapek, co tu zbyl, vypada na peknyho narachance a jeste k tomu neni moc nadsen,ze je obtezujes."/>
       <item name="kreditni karta" meet="100" put="1">
	     <DESC value="Krome dobreho pocitu ze zmasakrovani potvor,te hreji i tucna svycarska konta."/>
	   </item> 
	</CREATURE>
   <CREATURE NAME="trpaslici" meet="100" str="7" con="5" live="150" attack="5" def="5" exp="200" agr="100">
	 <DESC value="Spousta trpasliku tady prave dlabe kus jidla a je shromazdena kolem nejakyho chlapka. Zda se, ze jsi je vyrusil a jdou ti ted po krku..."/>
   </CREATURE>
  </ROOM>
  
 <ROOM name="schodiste" doors="chodba2 sal" end="a">
  <desc value="Jsou tu schody nahoru, jsi venku. Sbohem a tesim se na dalsi dobrodruzstvi."/>
 </ROOM> 
<hero start="kanal" def="5" str="3" attack="4" con="3" live="35">
</hero>

</WORLD>