<scene id="Human" ambient=".5 .5 .5">
  <definitions>
    <material id="mat01" face-orientation="front" diffuse=".1 .1 1 1"/>
    <material id="mat02" face-orientation="front" diffuse="1 .1 .1 1"/>
    <material id="mat03" face-orientation="front" diffuse="0 .5 1 1"/>
    <material id="mat04" face-orientation="front" diffuse="0 .5 0 1" emission=".5 .5 0 1"/>
    <material id="mat05" face-orientation="front" diffuse="0 1 1 1"/>
    <material id="mat06" face-orientation="front-and-back" specular="0 1 0 1"/>

    
    <model id="micek" status="3" show-bounding-sphere="Y">
      <ball id="_ball" status="3" mass="1">
	<sphere id="sp" status="3" wired="N" wdensity="20" material="mat03" radius=".2"/>
      </ball>
    </model>

    <hprofile id="havy_hand">
      <right_hand mass="10.0"/>
      <!-- one of (left_hand left_forearm left_upper_arm right_foot right_shin right_thigh left_foot left_shin left_thigh pelvis abdomen chest neck head) -->
    </hprofile>
    
    <trigger id="walk" frame="10" loop="Y" length="50" action="3" value="0 0 0"/>

    <trigger  id="tr0" frame="1" loop="Y" cycles="4" length="50" action="2" value="0 0 0" eventout="tr0"/>
    <trigger  id="tr1" frame="1" loop="N" length="10" action="0" value="1 0 0 180" eventout="tr2"/>
    <trigger  id="tr2" frame="1" loop="N" length="150" action="2" value="3 0 0" eventout="tr2" eventdelay="10"/>
    <trigger  id="tr3" frame="1" loop="N" length="10" action="0" value="1 0 0 180" eventout="tr0"/>


  </definitions>
  <hierarchy>
    <!--camera id="cam00" status="3" position="4.51 1.6 3.56" orientation="227.5 -17.5 0"
	    fovy="45" window-height="12"
	    shading-model="smooth" clipping-plane-distances="0.01 500"/-->
    <camera id="cam00" status="3" position="0 1.6 -10" orientation="0 0 0"
	    fovy="45" window-height="12"
	    shading-model="smooth" clipping-plane-distances="0.01 500"/>
    <!--camera id="cam01" status="3" position="0 0 0" orientation="0 0 0"
	    fovy="45" window-height="12"
	    shading-model="smooth" clipping-plane-distances="0.01 500"/-->
    <light id="l01" status="3" position="50 3 50" diffuse="1 1 1 1" specular=".9 .9 .9 1"/>
    <light id="l02" status="3" position="50 3 -50" diffuse="1 1 1 1" specular=".9 .9 .9 1"/>
    <light id="l01" status="3" position="-50 3 50" diffuse="1 1 1 1" specular=".9 .9 .9 1"/>
    <light id="l02" status="3" position="-50 3 -50" diffuse="1 1 1 1" specular=".9 .9 .9 1"/>
    <light id="l02" status="3" position="0 3 0" diffuse="1 1 1 1" specular=".9 .9 .9 1"/>
    

    <!--model id="back" status="3" position="0 20 -20">
      <plane id="pl01" status="3"
	     wired="N" wdensity="20"
	     color=".5 0 .9"
	     material="mat03" size="40 40"/></model-->
    <model id="floor" status="3" position="0 0.0 0" orientation="0 -90 0">
      <plane id="pl02"  status="3"
	     wired="Y" wdensity="200"
	     color=".5 0 .9" material="mat04"
	     size="200 200"/>
    </model>
    
    <!--modelref id="bl" status="3" position="0 0 15" ref="micek"/-->
    <!--modelref id="Instance" status="3" position="0 0 0" ref="micek"/-->
    <human id="al1" status="3" show-bounding-sphere="Y" stature="1.80" mass="80" materials="mat01 mat02 mat03" lomd="ON"/>
    <!--human id="al2" status="3" position="-2 0 0" orientation="0 0 0" show-bounding-sphere="Y" stature="1.80" mass="80" materials="mat01 mat02 mat03" lomd="ON"/-->
  </hierarchy>
  <script>
    <schedule ref="al1">
      <triggref id="wr0" ref="walk" frame="10"/>
    </schedule>
    <!--schedule ref="al2">
      <triggref id="wr1" ref="tr0" frame="10"/>
    </schedule>
    <schedule ref="cam00">
      <triggref id="wrc" ref="tr2" frame="20"/>
    </schedule-->
  </script>
</scene>


