<scene id="Pendulum" ambient="1 1 1 1">
  <definitions>
    <material id="black" face-orientation="front" diffuse="0.008 0.008 0.004 1" specular=".5 .5 .5 1"/>
    <material id="yellow" face-orientation="front" diffuse="0.875 0.875 0.172 1"/>
    <material id="red" face-orientation="front" diffuse="0.863 0.172 0.066 1"/>
    <material id="blue" face-orientation="front" diffuse="0.082 0.199 0.945 1"/>
    <material id="magenta" face-orientation="front" diffuse="0.605 0.137 0.605 1"/>
    <material id="sand" face-orientation="front" diffuse="0.734 0.476 0.273 1"/>
    <material id="grass" face-orientation="front" diffuse="0.266 0.664 0.266 1"/>
    <material id="tree" face-orientation="front" diffuse="0.023 0.527 0.031 1"/>
    <material id="sky" face-orientation="front" diffuse="0 .4 .8 1" emission="0 0 0.7 1"/>

    <model id="pendulum01" status="3">
      <pendulum id="pe01" status="3" position="0 0 0" orientation="0 0 0"
		show-bounding-sphere="Y" mass="20.0" inertia="500"
		mass-center-rot-axis-dist="2" workload="10000">
	<model id="pebody01" position="0 -.5 0" status="3">
	  <cylinder id="cy01" status="3" wired="N" material="blue"
		    radius=".05 .05" height="1.0" base="Y"/>
	  <model id="sphbody01" status="3" position="0 -0.6">
	    <sphere id="sph01" status="3" wired="N"
		    wdensity="15" material="blue" radius="0.2"/>
	  </model>
	</model>
      </pendulum>
    </model>
    
    <model id="pendulum02" status="3">
      <pendulum id="pe01" status="3" position="0 0 0" orientation="0 0 0"
		show-bounding-sphere="Y" mass="20.0" inertia="500"
		mass-center-rot-axis-dist="2" workload="10000">
	<model id="pebody01" status="3" position="0 -.5 0" show-bounding-sphere="Y">
	  <cylinder id="cy01" status="3" wired="N" material="red"
		    radius=".05 .05" height="1.0" base="Y"/>
	  <model id="sphbody01" status="3" position="0 -0.6" show-bounding-sphere="Y">
	    <sphere id="sph01" status="3" wired="N"
		    wdensity="15" material="red" radius="0.2"/>
	  </model>
	</model>
      </pendulum>
    </model>

    <model id="pendulum03" status="3">
      <pendulum id="pe01" status="3" position="0 0 0" orientation="0 0 0"
		show-bounding-sphere="Y" mass="20.0" inertia="500"
		mass-center-rot-axis-dist="2" workload="10000">
	<model id="pebody01" status="3" position="0 -.5 0" show-bounding-sphere="Y">
	  <cylinder id="cy01" status="3" wired="N" material="magenta"
		    radius=".05 .05" height="1.0" base="Y"/>
	  <model id="sphbody01" status="3" position="0 -0.6" show-bounding-sphere="Y">
	    <sphere id="sph01" status="3" wired="N"
		    wdensity="15" material="magenta" radius="0.2"/>
	  </model>
	</model>
      </pendulum>
    </model>

    <model id="pendulum04" status="3">
      <pendulum id="pe01" status="3" position="0 0 0" orientation="0 0 0"
		show-bounding-sphere="Y" mass="20.0" inertia="500"
		mass-center-rot-axis-dist="2" workload="10000">
	<model id="pebody01" status="3" position="0 -.5 0" show-bounding-sphere="Y">
	  <cylinder id="cy01" status="3" wired="N" material="yellow"
		    radius=".05 .05" height="1.0" base="Y"/>
	  <model id="sphbody01" status="3" position="0 -0.6" show-bounding-sphere="Y">
	    <sphere id="sph01" status="3" wired="N"
		    wdensity="15" material="yellow" radius="0.2"/>
	  </model>
	</model>
      </pendulum>
    </model>

    <model id="pendulum05" status="3">
      <pendulum id="pe01" status="3" position="0 0 0" orientation="0 0 0"
		show-bounding-sphere="Y" mass="20.0" inertia="500"
		mass-center-rot-axis-dist="2" workload="10000">
	<model id="pebody01" status="3" position="0 -.5 0" show-bounding-sphere="Y">
	  <cylinder id="cy01" status="3" wired="N" material="black"
		    radius=".05 .05" height="1.0" base="Y"/>
	  <model id="sphbody01" status="3" position="0 -0.6" show-bounding-sphere="Y">
	    <sphere id="sph01" status="3" wired="N"
		    wdensity="15" material="black" radius="0.2"/>
	  </model>
	</model>
      </pendulum>
    </model>
    
    <trigger id="tr1" frame="1" loop="N" length="25"
    action="0" value="0 0 1 15" eventout="tr2"/>
    <trigger id="tr2" frame="1" loop="N"
    length="25" action="0" value="0 0 1 -15" eventout="tr1"/>

    <model id="hedge" status="3">
      <box id="hedgebody" status="3" wired="N" material="tree" size="0.5 1.0 10.0"/>
    </model>

    <model id="thuja" status="3">
      <cylinder id="thujabody" status="3" wired="Y" wdensity="15" material="blue" radius="0.0 2" height="6" range="300" base="N"/>
    </model>
<trigger  id="tr3" frame="1" loop="N" length="150" action="2" value="3 0 0" eventout="tr3" eventdelay="10"/>   
    
  </definitions>
  
  <hierarchy>
    <camera id="cam00" status="3" position="0 1.6 20" orientation="180 0 0"
	    fovy="45" window-height="12"
	    shading-model="smooth" clipping-plane-distances="0.01 500"/>
    <!--camera id="cam00" status="3" position="0.0 75.0 0.0" orientation="0 -90 0"
	    fovy="45" window-height="12"
	    shading-model="smooth" clipping-plane-distances="0.01 500"/-->
    
    <light id="l-r-f" status="3" position="25 4 25" diffuse="1 1 1 1" specular="0.2 0.2 0.2 1"/>
    <light id="l-r-b" status="3" position="25 4 -25" diffuse="1 1 1 1" specular="0.2 0.2 0.2 1"/>
    <light id="l-l-f" status="3" position="-25 4 25" diffuse="1 1 1 1" specular="0.2 0.2 0.2 1"/>
    <light id="l-l-b" status="3" position="-25 4 -25" diffuse="1 1 1 1" specular="0.2 0.2 0.2 1"/>

    <model id="floor" status="3" position="0 0 0" orientation="0 -90 0">
      <plane id="pl02"  status="3"
	     wired="N" wdensity="20"
	     color=".5 0 .9" material="grass"
	     size="100 100"/>
    </model>
    
    <model id="back" status="3" position="0 20 -50">
      <plane id="pl01" status="3"
	     wired="N" wdensity="20"
	     color=".5 0 .9"
	     material="sky" size="100 40"/>
    </model>

<modelref id="mr1" status="3" position="0.586350 1.500000 -8.577083" orientation="99.454888 0.0 0.0" ref="pendulum01" lomd="ON"/>
<modelref id="mr2" status="3" position="2.080414 1.500000 19.662466" orientation="81.124790 0.0 0.0" ref="pendulum02" lomd="ON"/>
<modelref id="mr3" status="3" position="-20.966188 1.500000 49.106547" orientation="43.986136 0.0 0.0" ref="pendulum03" lomd="ON"/>
<modelref id="mr4" status="3" position="-11.874722 1.500000 -18.045625" orientation="14.500036 0.0 0.0" ref="pendulum04" lomd="ON"/>
<modelref id="mr5" status="3" position="36.790838 1.500000 50.704409" orientation="341.332286 0.0 0.0" ref="pendulum05" lomd="ON"/>
<modelref id="mr6" status="3" position="-13.924789 1.500000 45.368303" orientation="266.911470 0.0 0.0" ref="pendulum01" lomd="ON"/>
<modelref id="mr7" status="3" position="-5.819486 1.500000 -47.873395" orientation="58.570734 0.0 0.0" ref="pendulum02" lomd="ON"/>
<modelref id="mr8" status="3" position="-25.126236 1.500000 -18.935714" orientation="101.396508 0.0 0.0" ref="pendulum03" lomd="ON"/>
<modelref id="mr9" status="3" position="-14.098556 1.500000 -24.621848" orientation="131.091831 0.0 0.0" ref="pendulum04" lomd="ON"/>
<modelref id="mr10" status="3" position="-37.331634 1.500000 -28.716752" orientation="25.896263 0.0 0.0" ref="pendulum05" lomd="ON"/>
<modelref id="mr11" status="3" position="27.462011 1.500000 20.869598" orientation="171.418765 0.0 0.0" ref="pendulum01" lomd="ON"/>
<modelref id="mr12" status="3" position="-45.189409 1.500000 -28.049988" orientation="58.603640 0.0 0.0" ref="pendulum02" lomd="ON"/>
<modelref id="mr13" status="3" position="-22.932523 1.500000 -0.016176" orientation="51.787209 0.0 0.0" ref="pendulum03" lomd="ON"/>
<modelref id="mr14" status="3" position="-10.991930 1.500000 37.109102" orientation="163.222960 0.0 0.0" ref="pendulum04" lomd="ON"/>
<modelref id="mr15" status="3" position="-7.241920 1.500000 22.899940" orientation="162.158834 0.0 0.0" ref="pendulum05" lomd="ON"/>
<modelref id="mr16" status="3" position="-12.705174 1.500000 -42.024849" orientation="141.884723 0.0 0.0" ref="pendulum01" lomd="ON"/>
<modelref id="mr17" status="3" position="-38.840876 1.500000 1.155665" orientation="145.940503 0.0 0.0" ref="pendulum02" lomd="ON"/>
<modelref id="mr18" status="3" position="-22.849006 1.500000 25.029429" orientation="254.171934 0.0 0.0" ref="pendulum03" lomd="ON"/>
<modelref id="mr19" status="3" position="5.038913 1.500000 -40.069127" orientation="341.933280 0.0 0.0" ref="pendulum04" lomd="ON"/>
<modelref id="mr20" status="3" position="41.175533 1.500000 -28.400761" orientation="54.952974 0.0 0.0" ref="pendulum05" lomd="ON"/>
<modelref id="mr21" status="3" position="48.091161 1.500000 48.061249" orientation="306.483526 0.0 0.0" ref="pendulum01" lomd="ON"/>
<modelref id="mr22" status="3" position="-4.570293 1.500000 -48.128160" orientation="21.903569 0.0 0.0" ref="pendulum02" lomd="ON"/>
<modelref id="mr23" status="3" position="11.430718 1.500000 -22.060683" orientation="198.245335 0.0 0.0" ref="pendulum03" lomd="ON"/>
<modelref id="mr24" status="3" position="25.538276 1.500000 15.947387" orientation="148.238101 0.0 0.0" ref="pendulum04" lomd="ON"/>
<modelref id="mr25" status="3" position="-29.399790 1.500000 -42.294533" orientation="47.077886 0.0 0.0" ref="pendulum05" lomd="ON"/>
<modelref id="mr26" status="3" position="15.366553 1.500000 -5.999706" orientation="72.188431 0.0 0.0" ref="pendulum01" lomd="ON"/>
<modelref id="mr27" status="3" position="-45.498802 1.500000 4.159417" orientation="252.748825 0.0 0.0" ref="pendulum02" lomd="ON"/>
<modelref id="mr28" status="3" position="-5.237551 1.500000 30.310412" orientation="159.254768 0.0 0.0" ref="pendulum03" lomd="ON"/>
<modelref id="mr29" status="3" position="-34.912014 1.500000 -15.650675" orientation="191.405912 0.0 0.0" ref="pendulum04" lomd="ON"/>
<modelref id="mr30" status="3" position="-40.208325 1.500000 -25.475142" orientation="265.563171 0.0 0.0" ref="pendulum05" lomd="ON"/>
<modelref id="mr31" status="3" position="-25.221388 1.500000 -28.383981" orientation="254.983668 0.0 0.0" ref="pendulum01" lomd="ON"/>
<modelref id="mr32" status="3" position="-40.364853 1.500000 16.045726" orientation="258.122292 0.0 0.0" ref="pendulum02" lomd="ON"/>
<modelref id="mr33" status="3" position="-34.558306 1.500000 -23.523555" orientation="355.103833 0.0 0.0" ref="pendulum03" lomd="ON"/>
<modelref id="mr34" status="3" position="20.232065 1.500000 -48.985279" orientation="228.914426 0.0 0.0" ref="pendulum04" lomd="ON"/>
<modelref id="mr35" status="3" position="-38.868462 1.500000 -29.385069" orientation="253.054109 0.0 0.0" ref="pendulum05" lomd="ON"/>
<modelref id="mr36" status="3" position="-26.069050 1.500000 34.981484" orientation="47.855166 0.0 0.0" ref="pendulum01" lomd="ON"/>
<modelref id="mr37" status="3" position="-6.294485 1.500000 38.482682" orientation="239.229069 0.0 0.0" ref="pendulum02" lomd="ON"/>
<modelref id="mr38" status="3" position="-36.364256 1.500000 -17.754869" orientation="164.746551 0.0 0.0" ref="pendulum03" lomd="ON"/>
<modelref id="mr39" status="3" position="7.595401 1.500000 -3.666883" orientation="284.804120 0.0 0.0" ref="pendulum04" lomd="ON"/>
<modelref id="mr40" status="3" position="-39.514068 1.500000 5.124792" orientation="9.493608 0.0 0.0" ref="pendulum05" lomd="ON"/>
<modelref id="mr41" status="3" position="33.975702 1.500000 28.903404" orientation="83.711278 0.0 0.0" ref="pendulum01" lomd="ON"/>
<modelref id="mr42" status="3" position="4.526721 1.500000 37.538551" orientation="317.875893 0.0 0.0" ref="pendulum02" lomd="ON"/>
<modelref id="mr43" status="3" position="-24.050420 1.500000 -48.019754" orientation="49.591095 0.0 0.0" ref="pendulum03" lomd="ON"/>
<modelref id="mr44" status="3" position="-25.688244 1.500000 21.212311" orientation="49.644091 0.0 0.0" ref="pendulum04" lomd="ON"/>
<modelref id="mr45" status="3" position="37.621318 1.500000 31.343849" orientation="120.257844 0.0 0.0" ref="pendulum05" lomd="ON"/>
<modelref id="mr46" status="3" position="7.636349 1.500000 -45.725201" orientation="62.591185 0.0 0.0" ref="pendulum01" lomd="ON"/>
<modelref id="mr47" status="3" position="20.651672 1.500000 -3.019686" orientation="17.528840 0.0 0.0" ref="pendulum02" lomd="ON"/>
<modelref id="mr48" status="3" position="-13.173586 1.500000 9.616057" orientation="130.011310 0.0 0.0" ref="pendulum03" lomd="ON"/>
<modelref id="mr49" status="3" position="32.311567 1.500000 -33.788541" orientation="293.210531 0.0 0.0" ref="pendulum04" lomd="ON"/>
<modelref id="mr50" status="3" position="11.146045 1.500000 -24.302609" orientation="128.059782 0.0 0.0" ref="pendulum05" lomd="ON"/>
<modelref id="mr51" status="3" position="13.505380 1.500000 -41.326907" orientation="48.512037 0.0 0.0" ref="pendulum01" lomd="ON"/>
<modelref id="mr52" status="3" position="36.480735 1.500000 12.199814" orientation="360.050822 0.0 0.0" ref="pendulum02" lomd="ON"/>
<modelref id="mr53" status="3" position="24.501817 1.500000 37.149394" orientation="3.579707 0.0 0.0" ref="pendulum03" lomd="ON"/>
<modelref id="mr54" status="3" position="37.999343 1.500000 -39.538850" orientation="256.344026 0.0 0.0" ref="pendulum04" lomd="ON"/>
<modelref id="mr55" status="3" position="-48.488409 1.500000 47.082468" orientation="185.581882 0.0 0.0" ref="pendulum05" lomd="ON"/>
<modelref id="mr56" status="3" position="-15.361231 1.500000 3.718817" orientation="197.371159 0.0 0.0" ref="pendulum01" lomd="ON"/>
<modelref id="mr57" status="3" position="1.747432 1.500000 -26.629511" orientation="2.900289 0.0 0.0" ref="pendulum02" lomd="ON"/>
<modelref id="mr58" status="3" position="6.338776 1.500000 9.196903" orientation="213.918095 0.0 0.0" ref="pendulum03" lomd="ON"/>
<modelref id="mr59" status="3" position="42.175251 1.500000 -9.491530" orientation="268.679347 0.0 0.0" ref="pendulum04" lomd="ON"/>
<modelref id="mr60" status="3" position="23.344843 1.500000 50.654515" orientation="357.589956 0.0 0.0" ref="pendulum05" lomd="ON"/>
<modelref id="mr61" status="3" position="-41.360773 1.500000 13.159895" orientation="25.213092 0.0 0.0" ref="pendulum01" lomd="ON"/>
<modelref id="mr62" status="3" position="-28.162985 1.500000 -1.359370" orientation="245.532424 0.0 0.0" ref="pendulum02" lomd="ON"/>
<modelref id="mr63" status="3" position="-28.426645 1.500000 -27.857553" orientation="195.670243 0.0 0.0" ref="pendulum03" lomd="ON"/>
<modelref id="mr64" status="3" position="-27.710060 1.500000 -40.858210" orientation="229.730382 0.0 0.0" ref="pendulum04" lomd="ON"/>
<modelref id="mr65" status="3" position="43.218836 1.500000 -40.346619" orientation="215.627268 0.0 0.0" ref="pendulum05" lomd="ON"/>
<modelref id="mr66" status="3" position="-5.508419 1.500000 -6.707850" orientation="45.415008 0.0 0.0" ref="pendulum01" lomd="ON"/>
<modelref id="mr67" status="3" position="49.039125 1.500000 44.039582" orientation="125.948769 0.0 0.0" ref="pendulum02" lomd="ON"/>
<modelref id="mr68" status="3" position="49.566983 1.500000 -0.621642" orientation="335.457620 0.0 0.0" ref="pendulum03" lomd="ON"/>
<modelref id="mr69" status="3" position="8.710898 1.500000 -9.446390" orientation="117.688112 0.0 0.0" ref="pendulum04" lomd="ON"/>
<modelref id="mr70" status="3" position="-16.933727 1.500000 -37.101547" orientation="116.444365 0.0 0.0" ref="pendulum05" lomd="ON"/>
<modelref id="mr71" status="3" position="-17.880962 1.500000 -29.462320" orientation="340.219987 0.0 0.0" ref="pendulum01" lomd="ON"/>
<modelref id="mr72" status="3" position="-11.155103 1.500000 -8.625304" orientation="151.726256 0.0 0.0" ref="pendulum02" lomd="ON"/>
<modelref id="mr73" status="3" position="-43.229430 1.500000 11.948050" orientation="227.839065 0.0 0.0" ref="pendulum03" lomd="ON"/>
<modelref id="mr74" status="3" position="10.845638 1.500000 33.237990" orientation="257.149509 0.0 0.0" ref="pendulum04" lomd="ON"/>
<modelref id="mr75" status="3" position="-25.618145 1.500000 25.456826" orientation="288.301680 0.0 0.0" ref="pendulum05" lomd="ON"/>
<modelref id="mr76" status="3" position="34.000540 1.500000 -31.051593" orientation="80.553420 0.0 0.0" ref="pendulum01" lomd="ON"/>
<modelref id="mr77" status="3" position="46.338043 1.500000 -33.012468" orientation="55.495915 0.0 0.0" ref="pendulum02" lomd="ON"/>
<modelref id="mr78" status="3" position="-18.953966 1.500000 -34.445485" orientation="229.658005 0.0 0.0" ref="pendulum03" lomd="ON"/>
<modelref id="mr79" status="3" position="-26.049071 1.500000 23.265414" orientation="12.051000 0.0 0.0" ref="pendulum04" lomd="ON"/>
<modelref id="mr80" status="3" position="6.364293 1.500000 -44.668314" orientation="54.885431 0.0 0.0" ref="pendulum05" lomd="ON"/>
<modelref id="mr81" status="3" position="38.432172 1.500000 -13.549275" orientation="125.221080 0.0 0.0" ref="pendulum01" lomd="ON"/>
<modelref id="mr82" status="3" position="32.659946 1.500000 24.295621" orientation="270.569983 0.0 0.0" ref="pendulum02" lomd="ON"/>
<modelref id="mr83" status="3" position="-25.471649 1.500000 30.066192" orientation="129.982964 0.0 0.0" ref="pendulum03" lomd="ON"/>
<modelref id="mr84" status="3" position="37.539202 1.500000 -10.088171" orientation="66.039729 0.0 0.0" ref="pendulum04" lomd="ON"/>
<modelref id="mr85" status="3" position="8.691844 1.500000 13.293684" orientation="334.084303 0.0 0.0" ref="pendulum05" lomd="ON"/>
<modelref id="mr86" status="3" position="-11.502134 1.500000 -3.705775" orientation="38.698570 0.0 0.0" ref="pendulum01" lomd="ON"/>
<modelref id="mr87" status="3" position="10.596038 1.500000 -8.367733" orientation="96.253686 0.0 0.0" ref="pendulum02" lomd="ON"/>
<modelref id="mr88" status="3" position="25.733792 1.500000 21.678301" orientation="148.649942 0.0 0.0" ref="pendulum03" lomd="ON"/>
<modelref id="mr89" status="3" position="-10.750096 1.500000 44.629230" orientation="48.805432 0.0 0.0" ref="pendulum04" lomd="ON"/>
<modelref id="mr90" status="3" position="-7.680374 1.500000 -0.006477" orientation="64.399503 0.0 0.0" ref="pendulum05" lomd="ON"/>
<modelref id="mr91" status="3" position="7.287802 1.500000 -12.574305" orientation="192.022112 0.0 0.0" ref="pendulum01" lomd="ON"/>
<modelref id="mr92" status="3" position="41.793657 1.500000 -30.914359" orientation="95.886349 0.0 0.0" ref="pendulum02" lomd="ON"/>
<modelref id="mr93" status="3" position="16.674208 1.500000 -7.386009" orientation="20.524639 0.0 0.0" ref="pendulum03" lomd="ON"/>
<modelref id="mr94" status="3" position="-47.497191 1.500000 -20.846807" orientation="160.607224 0.0 0.0" ref="pendulum04" lomd="ON"/>
<modelref id="mr95" status="3" position="-29.430599 1.500000 36.845037" orientation="24.864487 0.0 0.0" ref="pendulum05" lomd="ON"/>
<modelref id="mr96" status="3" position="-36.907182 1.500000 -25.657097" orientation="187.923695 0.0 0.0" ref="pendulum01" lomd="ON"/>
<modelref id="mr97" status="3" position="-26.435357 1.500000 33.938940" orientation="334.199857 0.0 0.0" ref="pendulum02" lomd="ON"/>
<modelref id="mr98" status="3" position="0.024000 1.500000 8.672732" orientation="228.641742 0.0 0.0" ref="pendulum03" lomd="ON"/>
<modelref id="mr99" status="3" position="41.037873 1.500000 46.922637" orientation="205.706969 0.0 0.0" ref="pendulum04" lomd="ON"/>
<modelref id="mr100" status="3" position="-45.682840 1.500000 -11.757737" orientation="22.083651 0.0 0.0" ref="pendulum05" lomd="ON"/>
<modelref id="mr101" status="3" position="-28.071867 1.500000 44.530065" orientation="153.216152 0.0 0.0" ref="pendulum01" lomd="ON"/>
<modelref id="mr102" status="3" position="24.989831 1.500000 35.323722" orientation="218.324459 0.0 0.0" ref="pendulum02" lomd="ON"/>
<modelref id="mr103" status="3" position="-48.652850 1.500000 0.997930" orientation="8.134828 0.0 0.0" ref="pendulum03" lomd="ON"/>
<modelref id="mr104" status="3" position="-43.229339 1.500000 2.500739" orientation="109.486324 0.0 0.0" ref="pendulum04" lomd="ON"/>
<modelref id="mr105" status="3" position="1.106001 1.500000 22.070140" orientation="58.528457 0.0 0.0" ref="pendulum05" lomd="ON"/>
<modelref id="mr106" status="3" position="7.735025 1.500000 34.162958" orientation="142.562906 0.0 0.0" ref="pendulum01" lomd="ON"/>
<modelref id="mr107" status="3" position="-40.341726 1.500000 -43.272399" orientation="81.143092 0.0 0.0" ref="pendulum02" lomd="ON"/>
<modelref id="mr108" status="3" position="-47.786210 1.500000 5.751602" orientation="288.764928 0.0 0.0" ref="pendulum03" lomd="ON"/>
<modelref id="mr109" status="3" position="15.447607 1.500000 -4.210525" orientation="274.086420 0.0 0.0" ref="pendulum04" lomd="ON"/>
<modelref id="mr110" status="3" position="-27.689346 1.500000 -0.893365" orientation="48.158568 0.0 0.0" ref="pendulum05" lomd="ON"/>
<modelref id="mr111" status="3" position="-21.832777 1.500000 20.034768" orientation="24.866801 0.0 0.0" ref="pendulum01" lomd="ON"/>
<modelref id="mr112" status="3" position="20.449488 1.500000 -5.975401" orientation="328.432200 0.0 0.0" ref="pendulum02" lomd="ON"/>
<modelref id="mr113" status="3" position="-19.182607 1.500000 -5.628251" orientation="148.424748 0.0 0.0" ref="pendulum03" lomd="ON"/>
<modelref id="mr114" status="3" position="-17.200710 1.500000 0.142410" orientation="333.827409 0.0 0.0" ref="pendulum04" lomd="ON"/>
<modelref id="mr115" status="3" position="12.934380 1.500000 50.248411" orientation="229.679912 0.0 0.0" ref="pendulum05" lomd="ON"/>
<modelref id="mr116" status="3" position="28.914507 1.500000 6.983436" orientation="169.066561 0.0 0.0" ref="pendulum01" lomd="ON"/>
<modelref id="mr117" status="3" position="-31.762464 1.500000 15.641710" orientation="189.685926 0.0 0.0" ref="pendulum02" lomd="ON"/>
<modelref id="mr118" status="3" position="-9.500494 1.500000 16.855499" orientation="26.791692 0.0 0.0" ref="pendulum03" lomd="ON"/>
<modelref id="mr119" status="3" position="-29.565792 1.500000 -18.696894" orientation="188.033802 0.0 0.0" ref="pendulum04" lomd="ON"/>
<modelref id="mr120" status="3" position="46.291547 1.500000 2.613760" orientation="1.217688 0.0 0.0" ref="pendulum05" lomd="ON"/>
<modelref id="mr121" status="3" position="-40.608851 1.500000 29.780984" orientation="249.742853 0.0 0.0" ref="pendulum01" lomd="ON"/>
<modelref id="mr122" status="3" position="-33.979184 1.500000 -0.769529" orientation="44.631410 0.0 0.0" ref="pendulum02" lomd="ON"/>
<modelref id="mr123" status="3" position="-43.025795 1.500000 29.047865" orientation="200.769706 0.0 0.0" ref="pendulum03" lomd="ON"/>
<modelref id="mr124" status="3" position="-2.074476 1.500000 -39.152846" orientation="17.682382 0.0 0.0" ref="pendulum04" lomd="ON"/>
<modelref id="mr125" status="3" position="-9.622418 1.500000 22.781534" orientation="14.976660 0.0 0.0" ref="pendulum05" lomd="ON"/>
<modelref id="mr126" status="3" position="-46.100221 1.500000 0.696040" orientation="216.517029 0.0 0.0" ref="pendulum01" lomd="ON"/>
<modelref id="mr127" status="3" position="0.584935 1.500000 17.933576" orientation="89.227184 0.0 0.0" ref="pendulum02" lomd="ON"/>
<modelref id="mr128" status="3" position="-47.002307 1.500000 -42.566918" orientation="326.306982 0.0 0.0" ref="pendulum03" lomd="ON"/>
<modelref id="mr129" status="3" position="-39.837948 1.500000 -23.132710" orientation="75.398164 0.0 0.0" ref="pendulum04" lomd="ON"/>
<modelref id="mr130" status="3" position="12.115885 1.500000 -27.841163" orientation="261.207701 0.0 0.0" ref="pendulum05" lomd="ON"/>
<modelref id="mr131" status="3" position="12.176354 1.500000 -19.450013" orientation="184.819242 0.0 0.0" ref="pendulum01" lomd="ON"/>
<modelref id="mr132" status="3" position="-18.728408 1.500000 -4.429197" orientation="358.448939 0.0 0.0" ref="pendulum02" lomd="ON"/>
<modelref id="mr133" status="3" position="-6.608572 1.500000 1.545008" orientation="279.421252 0.0 0.0" ref="pendulum03" lomd="ON"/>
<modelref id="mr134" status="3" position="48.883013 1.500000 48.470531" orientation="314.871007 0.0 0.0" ref="pendulum04" lomd="ON"/>
<modelref id="mr135" status="3" position="-46.482992 1.500000 -12.151887" orientation="213.284529 0.0 0.0" ref="pendulum05" lomd="ON"/>
<modelref id="mr136" status="3" position="-42.600587 1.500000 -9.252108" orientation="32.190274 0.0 0.0" ref="pendulum01" lomd="ON"/>
<modelref id="mr137" status="3" position="17.265255 1.500000 40.332828" orientation="273.151149 0.0 0.0" ref="pendulum02" lomd="ON"/>
<modelref id="mr138" status="3" position="41.772806 1.500000 42.330520" orientation="296.310245 0.0 0.0" ref="pendulum03" lomd="ON"/>
<modelref id="mr139" status="3" position="32.135856 1.500000 -48.507428" orientation="29.432490 0.0 0.0" ref="pendulum04" lomd="ON"/>
<modelref id="mr140" status="3" position="-47.197987 1.500000 12.608457" orientation="105.604305 0.0 0.0" ref="pendulum05" lomd="ON"/>
<modelref id="mr141" status="3" position="25.081930 1.500000 -26.215188" orientation="211.984257 0.0 0.0" ref="pendulum01" lomd="ON"/>
<modelref id="mr142" status="3" position="-23.857170 1.500000 4.056403" orientation="12.439147 0.0 0.0" ref="pendulum02" lomd="ON"/>
<modelref id="mr143" status="3" position="-24.565798 1.500000 46.447831" orientation="194.401174 0.0 0.0" ref="pendulum03" lomd="ON"/>
<modelref id="mr144" status="3" position="-47.226561 1.500000 44.330844" orientation="185.295087 0.0 0.0" ref="pendulum04" lomd="ON"/>
<modelref id="mr145" status="3" position="39.959830 1.500000 46.847851" orientation="317.948294 0.0 0.0" ref="pendulum05" lomd="ON"/>
<modelref id="mr146" status="3" position="-1.072246 1.500000 -46.752736" orientation="101.040707 0.0 0.0" ref="pendulum01" lomd="ON"/>
<modelref id="mr147" status="3" position="7.591719 1.500000 19.512519" orientation="62.638887 0.0 0.0" ref="pendulum02" lomd="ON"/>
<modelref id="mr148" status="3" position="-16.810739 1.500000 10.285325" orientation="31.428761 0.0 0.0" ref="pendulum03" lomd="ON"/>
<modelref id="mr149" status="3" position="-34.780116 1.500000 -8.578819" orientation="33.202019 0.0 0.0" ref="pendulum04" lomd="ON"/>
<modelref id="mr150" status="3" position="-26.882202 1.500000 -6.776806" orientation="254.992466 0.0 0.0" ref="pendulum05" lomd="ON"/>
<modelref id="mr151" status="3" position="2.174550 1.500000 -32.694877" orientation="337.017788 0.0 0.0" ref="pendulum01" lomd="ON"/>
<modelref id="mr152" status="3" position="-39.218712 1.500000 -7.552046" orientation="168.020840 0.0 0.0" ref="pendulum02" lomd="ON"/>
<modelref id="mr153" status="3" position="-36.041172 1.500000 16.882156" orientation="151.633032 0.0 0.0" ref="pendulum03" lomd="ON"/>
<modelref id="mr154" status="3" position="17.681377 1.500000 18.655595" orientation="127.624068 0.0 0.0" ref="pendulum04" lomd="ON"/>
<modelref id="mr155" status="3" position="-31.125543 1.500000 7.615425" orientation="112.676332 0.0 0.0" ref="pendulum05" lomd="ON"/>
<modelref id="mr156" status="3" position="-43.084351 1.500000 -44.456821" orientation="120.766483 0.0 0.0" ref="pendulum01" lomd="ON"/>
<modelref id="mr157" status="3" position="-15.295265 1.500000 12.134898" orientation="7.411551 0.0 0.0" ref="pendulum02" lomd="ON"/>
<modelref id="mr158" status="3" position="1.826648 1.500000 44.324159" orientation="220.838719 0.0 0.0" ref="pendulum03" lomd="ON"/>
<modelref id="mr159" status="3" position="10.279082 1.500000 -41.455957" orientation="6.354970 0.0 0.0" ref="pendulum04" lomd="ON"/>
<modelref id="mr160" status="3" position="19.224087 1.500000 -19.338159" orientation="158.358467 0.0 0.0" ref="pendulum05" lomd="ON"/>
<modelref id="mr161" status="3" position="-10.222450 1.500000 31.836391" orientation="217.056912 0.0 0.0" ref="pendulum01" lomd="ON"/>
<modelref id="mr162" status="3" position="-16.884176 1.500000 41.617678" orientation="6.269545 0.0 0.0" ref="pendulum02" lomd="ON"/>
<modelref id="mr163" status="3" position="29.510502 1.500000 -45.423494" orientation="243.445308 0.0 0.0" ref="pendulum03" lomd="ON"/>
<modelref id="mr164" status="3" position="-28.646989 1.500000 21.257883" orientation="127.005450 0.0 0.0" ref="pendulum04" lomd="ON"/>
<modelref id="mr165" status="3" position="6.526363 1.500000 39.132340" orientation="330.820978 0.0 0.0" ref="pendulum05" lomd="ON"/>
<modelref id="mr166" status="3" position="37.547567 1.500000 45.047989" orientation="347.176423 0.0 0.0" ref="pendulum01" lomd="ON"/>
<modelref id="mr167" status="3" position="-29.183966 1.500000 -21.247276" orientation="207.262056 0.0 0.0" ref="pendulum02" lomd="ON"/>
<modelref id="mr168" status="3" position="-27.402979 1.500000 29.579372" orientation="183.229027 0.0 0.0" ref="pendulum03" lomd="ON"/>
<modelref id="mr169" status="3" position="33.663332 1.500000 -11.141546" orientation="210.387582 0.0 0.0" ref="pendulum04" lomd="ON"/>
<modelref id="mr170" status="3" position="35.150823 1.500000 -42.917459" orientation="317.170209 0.0 0.0" ref="pendulum05" lomd="ON"/>
<modelref id="mr171" status="3" position="-21.138491 1.500000 -4.139910" orientation="248.181215 0.0 0.0" ref="pendulum01" lomd="ON"/>
<modelref id="mr172" status="3" position="38.877317 1.500000 27.975915" orientation="214.404856 0.0 0.0" ref="pendulum02" lomd="ON"/>
<modelref id="mr173" status="3" position="40.341080 1.500000 6.486417" orientation="227.280279 0.0 0.0" ref="pendulum03" lomd="ON"/>
<modelref id="mr174" status="3" position="7.686999 1.500000 26.839428" orientation="120.208658 0.0 0.0" ref="pendulum04" lomd="ON"/>
<modelref id="mr175" status="3" position="42.688513 1.500000 -17.634209" orientation="77.485081 0.0 0.0" ref="pendulum05" lomd="ON"/>
<modelref id="mr176" status="3" position="34.305451 1.500000 -31.086642" orientation="56.057842 0.0 0.0" ref="pendulum01" lomd="ON"/>
<modelref id="mr177" status="3" position="30.465569 1.500000 -11.270608" orientation="155.967648 0.0 0.0" ref="pendulum02" lomd="ON"/>
<modelref id="mr178" status="3" position="-12.239416 1.500000 10.326412" orientation="78.853387 0.0 0.0" ref="pendulum03" lomd="ON"/>
<modelref id="mr179" status="3" position="38.379758 1.500000 -7.010256" orientation="215.143820 0.0 0.0" ref="pendulum04" lomd="ON"/>
<modelref id="mr180" status="3" position="-3.457024 1.500000 -22.859433" orientation="237.040966 0.0 0.0" ref="pendulum05" lomd="ON"/>
<modelref id="mr181" status="3" position="-15.631966 1.500000 5.002076" orientation="38.537291 0.0 0.0" ref="pendulum01" lomd="ON"/>
<modelref id="mr182" status="3" position="-46.970518 1.500000 -7.120607" orientation="315.650583 0.0 0.0" ref="pendulum02" lomd="ON"/>
<modelref id="mr183" status="3" position="12.308609 1.500000 -17.779526" orientation="155.401683 0.0 0.0" ref="pendulum03" lomd="ON"/>
<modelref id="mr184" status="3" position="-24.835758 1.500000 38.907473" orientation="68.423623 0.0 0.0" ref="pendulum04" lomd="ON"/>
<modelref id="mr185" status="3" position="8.277758 1.500000 30.595985" orientation="181.340470 0.0 0.0" ref="pendulum05" lomd="ON"/>
<modelref id="mr186" status="3" position="29.523614 1.500000 13.901436" orientation="245.828557 0.0 0.0" ref="pendulum01" lomd="ON"/>
<modelref id="mr187" status="3" position="44.817459 1.500000 -6.632995" orientation="21.654368 0.0 0.0" ref="pendulum02" lomd="ON"/>
<modelref id="mr188" status="3" position="-12.135972 1.500000 30.127589" orientation="235.229453 0.0 0.0" ref="pendulum03" lomd="ON"/>
<modelref id="mr189" status="3" position="9.489968 1.500000 17.507348" orientation="26.392531 0.0 0.0" ref="pendulum04" lomd="ON"/>
<modelref id="mr190" status="3" position="-31.025637 1.500000 -36.949677" orientation="120.498573 0.0 0.0" ref="pendulum05" lomd="ON"/>
<modelref id="mr191" status="3" position="34.541298 1.500000 -3.581643" orientation="314.906047 0.0 0.0" ref="pendulum01" lomd="ON"/>
<modelref id="mr192" status="3" position="44.968323 1.500000 -1.552161" orientation="105.671864 0.0 0.0" ref="pendulum02" lomd="ON"/>
<modelref id="mr193" status="3" position="32.371263 1.500000 -40.243552" orientation="218.065569 0.0 0.0" ref="pendulum03" lomd="ON"/>
<modelref id="mr194" status="3" position="-24.739381 1.500000 -16.079310" orientation="174.532470 0.0 0.0" ref="pendulum04" lomd="ON"/>
<modelref id="mr195" status="3" position="-6.010597 1.500000 41.198448" orientation="101.078017 0.0 0.0" ref="pendulum05" lomd="ON"/>
<modelref id="mr196" status="3" position="44.083978 1.500000 19.722062" orientation="327.523188 0.0 0.0" ref="pendulum01" lomd="ON"/>
<modelref id="mr197" status="3" position="12.091911 1.500000 13.539521" orientation="120.044407 0.0 0.0" ref="pendulum02" lomd="ON"/>
<modelref id="mr198" status="3" position="17.829235 1.500000 50.403549" orientation="44.903728 0.0 0.0" ref="pendulum03" lomd="ON"/>
<modelref id="mr199" status="3" position="-17.107028 1.500000 8.893517" orientation="284.330179 0.0 0.0" ref="pendulum04" lomd="ON"/>
<modelref id="mr200" status="3" position="-10.053547 1.500000 26.867880" orientation="327.711343 0.0 0.0" ref="pendulum05" lomd="ON"/>
<modelref id="mr201" status="3" position="23.140501 1.500000 10.409178" orientation="131.217428 0.0 0.0" ref="pendulum01" lomd="ON"/>
<modelref id="mr202" status="3" position="10.336625 1.500000 4.377501" orientation="302.029648 0.0 0.0" ref="pendulum02" lomd="ON"/>
<modelref id="mr203" status="3" position="39.412143 1.500000 -14.251236" orientation="333.552862 0.0 0.0" ref="pendulum03" lomd="ON"/>
<modelref id="mr204" status="3" position="-0.291866 1.500000 10.009383" orientation="92.067346 0.0 0.0" ref="pendulum04" lomd="ON"/>
<modelref id="mr205" status="3" position="47.911598 1.500000 -47.001213" orientation="56.781760 0.0 0.0" ref="pendulum05" lomd="ON"/>
<modelref id="mr206" status="3" position="-24.288953 1.500000 46.082765" orientation="304.181185 0.0 0.0" ref="pendulum01" lomd="ON"/>
<modelref id="mr207" status="3" position="-33.588067 1.500000 7.174676" orientation="169.323461 0.0 0.0" ref="pendulum02" lomd="ON"/>
<modelref id="mr208" status="3" position="-0.520176 1.500000 -25.996089" orientation="167.176236 0.0 0.0" ref="pendulum03" lomd="ON"/>
<modelref id="mr209" status="3" position="11.675304 1.500000 5.896883" orientation="15.592898 0.0 0.0" ref="pendulum04" lomd="ON"/>
<modelref id="mr210" status="3" position="-9.621869 1.500000 44.843336" orientation="288.717267 0.0 0.0" ref="pendulum05" lomd="ON"/>
<modelref id="mr211" status="3" position="-18.868718 1.500000 16.983837" orientation="142.590308 0.0 0.0" ref="pendulum01" lomd="ON"/>
<modelref id="mr212" status="3" position="17.302790 1.500000 -23.679537" orientation="334.749313 0.0 0.0" ref="pendulum02" lomd="ON"/>
<modelref id="mr213" status="3" position="0.922136 1.500000 -35.267394" orientation="99.844864 0.0 0.0" ref="pendulum03" lomd="ON"/>
<modelref id="mr214" status="3" position="-6.702069 1.500000 13.440740" orientation="312.278644 0.0 0.0" ref="pendulum04" lomd="ON"/>
<modelref id="mr215" status="3" position="18.594416 1.500000 10.352338" orientation="319.474276 0.0 0.0" ref="pendulum05" lomd="ON"/>
<modelref id="mr216" status="3" position="34.089350 1.500000 35.063385" orientation="301.772229 0.0 0.0" ref="pendulum01" lomd="ON"/>
<modelref id="mr217" status="3" position="18.306346 1.500000 50.475318" orientation="144.001063 0.0 0.0" ref="pendulum02" lomd="ON"/>
<modelref id="mr218" status="3" position="-34.937137 1.500000 -1.044858" orientation="226.815143 0.0 0.0" ref="pendulum03" lomd="ON"/>
<modelref id="mr219" status="3" position="11.222928 1.500000 -40.369555" orientation="64.443922 0.0 0.0" ref="pendulum04" lomd="ON"/>
<modelref id="mr220" status="3" position="15.276511 1.500000 -0.991423" orientation="42.279933 0.0 0.0" ref="pendulum05" lomd="ON"/>
<modelref id="mr221" status="3" position="-4.802026 1.500000 29.139859" orientation="279.821747 0.0 0.0" ref="pendulum01" lomd="ON"/>
<modelref id="mr222" status="3" position="34.528615 1.500000 -4.557352" orientation="10.975412 0.0 0.0" ref="pendulum02" lomd="ON"/>
<modelref id="mr223" status="3" position="27.236758 1.500000 45.364785" orientation="60.412792 0.0 0.0" ref="pendulum03" lomd="ON"/>
<modelref id="mr224" status="3" position="-45.306336 1.500000 -12.337284" orientation="285.199456 0.0 0.0" ref="pendulum04" lomd="ON"/>
<modelref id="mr225" status="3" position="41.159954 1.500000 -44.742867" orientation="138.867873 0.0 0.0" ref="pendulum05" lomd="ON"/>
<modelref id="mr226" status="3" position="29.625031 1.500000 38.346483" orientation="81.496060 0.0 0.0" ref="pendulum01" lomd="ON"/>
<modelref id="mr227" status="3" position="13.172872 1.500000 5.652828" orientation="79.607206 0.0 0.0" ref="pendulum02" lomd="ON"/>
<modelref id="mr228" status="3" position="-47.104610 1.500000 19.715691" orientation="252.245716 0.0 0.0" ref="pendulum03" lomd="ON"/>
<modelref id="mr229" status="3" position="15.621818 1.500000 -20.061381" orientation="283.315320 0.0 0.0" ref="pendulum04" lomd="ON"/>
<modelref id="mr230" status="3" position="33.245130 1.500000 44.215130" orientation="96.146196 0.0 0.0" ref="pendulum05" lomd="ON"/>
<modelref id="mr231" status="3" position="44.711778 1.500000 -11.586896" orientation="17.449687 0.0 0.0" ref="pendulum01" lomd="ON"/>
<modelref id="mr232" status="3" position="22.162263 1.500000 -28.058281" orientation="177.443221 0.0 0.0" ref="pendulum02" lomd="ON"/>
<modelref id="mr233" status="3" position="24.933211 1.500000 48.178477" orientation="157.156446 0.0 0.0" ref="pendulum03" lomd="ON"/>
<modelref id="mr234" status="3" position="41.436764 1.500000 -48.127859" orientation="289.142224 0.0 0.0" ref="pendulum04" lomd="ON"/>
<modelref id="mr235" status="3" position="20.381058 1.500000 42.032095" orientation="304.467902 0.0 0.0" ref="pendulum05" lomd="ON"/>
<modelref id="mr236" status="3" position="-41.322311 1.500000 20.657126" orientation="258.915239 0.0 0.0" ref="pendulum01" lomd="ON"/>
<modelref id="mr237" status="3" position="-18.962294 1.500000 -17.170002" orientation="95.665421 0.0 0.0" ref="pendulum02" lomd="ON"/>
<modelref id="mr238" status="3" position="2.873041 1.500000 -15.274612" orientation="343.041908 0.0 0.0" ref="pendulum03" lomd="ON"/>
<modelref id="mr239" status="3" position="-27.336482 1.500000 49.347206" orientation="87.220937 0.0 0.0" ref="pendulum04" lomd="ON"/>
<modelref id="mr240" status="3" position="-48.915560 1.500000 31.592336" orientation="62.795405 0.0 0.0" ref="pendulum05" lomd="ON"/>
<modelref id="mr241" status="3" position="-22.486061 1.500000 25.304114" orientation="197.482580 0.0 0.0" ref="pendulum01" lomd="ON"/>
<modelref id="mr242" status="3" position="-17.916704 1.500000 -3.533623" orientation="272.872770 0.0 0.0" ref="pendulum02" lomd="ON"/>
<modelref id="mr243" status="3" position="31.095302 1.500000 -29.600412" orientation="262.715288 0.0 0.0" ref="pendulum03" lomd="ON"/>
<modelref id="mr244" status="3" position="-25.527907 1.500000 -39.163647" orientation="265.854997 0.0 0.0" ref="pendulum04" lomd="ON"/>
<modelref id="mr245" status="3" position="-45.488401 1.500000 30.217411" orientation="233.570540 0.0 0.0" ref="pendulum05" lomd="ON"/>
<modelref id="mr246" status="3" position="38.808239 1.500000 37.895100" orientation="124.336194 0.0 0.0" ref="pendulum01" lomd="ON"/>
<modelref id="mr247" status="3" position="10.451361 1.500000 -32.067194" orientation="238.924188 0.0 0.0" ref="pendulum02" lomd="ON"/>
<modelref id="mr248" status="3" position="36.747311 1.500000 19.805847" orientation="360.335584 0.0 0.0" ref="pendulum03" lomd="ON"/>
<modelref id="mr249" status="3" position="31.758952 1.500000 41.469365" orientation="354.385527 0.0 0.0" ref="pendulum04" lomd="ON"/>
<modelref id="mr250" status="3" position="-44.290787 1.500000 41.553805" orientation="284.517936 0.0 0.0" ref="pendulum05" lomd="ON"/>
<modelref id="mr251" status="3" position="-27.125397 1.500000 -31.932256" orientation="192.012747 0.0 0.0" ref="pendulum01" lomd="ON"/>
<modelref id="mr252" status="3" position="27.453098 1.500000 -0.848960" orientation="355.691705 0.0 0.0" ref="pendulum02" lomd="ON"/>
<modelref id="mr253" status="3" position="2.973312 1.500000 -20.753658" orientation="65.530222 0.0 0.0" ref="pendulum03" lomd="ON"/>
<modelref id="mr254" status="3" position="-24.327997 1.500000 2.718435" orientation="100.941091 0.0 0.0" ref="pendulum04" lomd="ON"/>
<modelref id="mr255" status="3" position="49.242835 1.500000 6.230034" orientation="26.123769 0.0 0.0" ref="pendulum05" lomd="ON"/>
<modelref id="mr256" status="3" position="13.845763 1.500000 -5.961727" orientation="338.946129 0.0 0.0" ref="pendulum01" lomd="ON"/>
<modelref id="mr257" status="3" position="48.105817 1.500000 -46.510366" orientation="39.904230 0.0 0.0" ref="pendulum02" lomd="ON"/>
<modelref id="mr258" status="3" position="14.195869 1.500000 39.236945" orientation="287.605279 0.0 0.0" ref="pendulum03" lomd="ON"/>
<modelref id="mr259" status="3" position="14.011309 1.500000 19.995898" orientation="253.294991 0.0 0.0" ref="pendulum04" lomd="ON"/>
<modelref id="mr260" status="3" position="12.173955 1.500000 24.705110" orientation="219.288688 0.0 0.0" ref="pendulum05" lomd="ON"/>
<modelref id="mr261" status="3" position="-9.071062 1.500000 46.579714" orientation="280.732565 0.0 0.0" ref="pendulum01" lomd="ON"/>
<modelref id="mr262" status="3" position="43.988034 1.500000 23.032811" orientation="94.076309 0.0 0.0" ref="pendulum02" lomd="ON"/>
<modelref id="mr263" status="3" position="42.513508 1.500000 -24.993877" orientation="195.763141 0.0 0.0" ref="pendulum03" lomd="ON"/>
<modelref id="mr264" status="3" position="-39.561431 1.500000 -0.321874" orientation="21.949506 0.0 0.0" ref="pendulum04" lomd="ON"/>
<modelref id="mr265" status="3" position="-11.800016 1.500000 -2.079039" orientation="220.777631 0.0 0.0" ref="pendulum05" lomd="ON"/>
<modelref id="mr266" status="3" position="-4.821192 1.500000 -39.233276" orientation="15.715415 0.0 0.0" ref="pendulum01" lomd="ON"/>
<modelref id="mr267" status="3" position="-10.947267 1.500000 -42.127459" orientation="24.678098 0.0 0.0" ref="pendulum02" lomd="ON"/>
<modelref id="mr268" status="3" position="-0.140537 1.500000 21.068410" orientation="342.331101 0.0 0.0" ref="pendulum03" lomd="ON"/>
<modelref id="mr269" status="3" position="-20.527959 1.500000 -15.920281" orientation="230.716333 0.0 0.0" ref="pendulum04" lomd="ON"/>
<modelref id="mr270" status="3" position="49.553983 1.500000 45.253674" orientation="136.054730 0.0 0.0" ref="pendulum05" lomd="ON"/>
<modelref id="mr271" status="3" position="10.189730 1.500000 -14.817388" orientation="120.141700 0.0 0.0" ref="pendulum01" lomd="ON"/>
<modelref id="mr272" status="3" position="-12.106780 1.500000 -21.829354" orientation="19.459820 0.0 0.0" ref="pendulum02" lomd="ON"/>
<modelref id="mr273" status="3" position="13.747750 1.500000 -30.315846" orientation="105.881863 0.0 0.0" ref="pendulum03" lomd="ON"/>
<modelref id="mr274" status="3" position="-32.151378 1.500000 -20.877277" orientation="281.123116 0.0 0.0" ref="pendulum04" lomd="ON"/>
<modelref id="mr275" status="3" position="-26.332070 1.500000 16.322707" orientation="90.038575 0.0 0.0" ref="pendulum05" lomd="ON"/>
<modelref id="mr276" status="3" position="34.717272 1.500000 -39.498485" orientation="125.198781 0.0 0.0" ref="pendulum01" lomd="ON"/>
<modelref id="mr277" status="3" position="38.804887 1.500000 -1.445752" orientation="149.939927 0.0 0.0" ref="pendulum02" lomd="ON"/>
<modelref id="mr278" status="3" position="45.382136 1.500000 47.413711" orientation="42.186201 0.0 0.0" ref="pendulum03" lomd="ON"/>
<modelref id="mr279" status="3" position="40.196331 1.500000 -24.114248" orientation="161.273188 0.0 0.0" ref="pendulum04" lomd="ON"/>
<modelref id="mr280" status="3" position="4.006423 1.500000 -25.560265" orientation="140.586415 0.0 0.0" ref="pendulum05" lomd="ON"/>
<modelref id="mr281" status="3" position="41.521626 1.500000 33.629464" orientation="263.643819 0.0 0.0" ref="pendulum01" lomd="ON"/>
<modelref id="mr282" status="3" position="-25.383457 1.500000 -29.477316" orientation="1.458145 0.0 0.0" ref="pendulum02" lomd="ON"/>
<modelref id="mr283" status="3" position="-20.255729 1.500000 33.270434" orientation="68.721099 0.0 0.0" ref="pendulum03" lomd="ON"/>
<modelref id="mr284" status="3" position="8.878122 1.500000 50.119057" orientation="169.962902 0.0 0.0" ref="pendulum04" lomd="ON"/>
<modelref id="mr285" status="3" position="-13.309902 1.500000 -27.213013" orientation="45.124645 0.0 0.0" ref="pendulum05" lomd="ON"/>
<modelref id="mr286" status="3" position="11.423036 1.500000 -43.495742" orientation="79.330099 0.0 0.0" ref="pendulum01" lomd="ON"/>
<modelref id="mr287" status="3" position="45.922697 1.500000 44.309145" orientation="250.525391 0.0 0.0" ref="pendulum02" lomd="ON"/>
<modelref id="mr288" status="3" position="-12.705101 1.500000 38.691281" orientation="237.614751 0.0 0.0" ref="pendulum03" lomd="ON"/>
<modelref id="mr289" status="3" position="-1.264490 1.500000 27.887612" orientation="327.203459 0.0 0.0" ref="pendulum04" lomd="ON"/>
<modelref id="mr290" status="3" position="43.255840 1.500000 -19.105964" orientation="51.586504 0.0 0.0" ref="pendulum05" lomd="ON"/>
<modelref id="mr291" status="3" position="-17.970156 1.500000 -28.584338" orientation="349.052576 0.0 0.0" ref="pendulum01" lomd="ON"/>
<modelref id="mr292" status="3" position="-45.013539 1.500000 -4.967795" orientation="59.334240 0.0 0.0" ref="pendulum02" lomd="ON"/>
<modelref id="mr293" status="3" position="-44.886277 1.500000 23.776475" orientation="355.507803 0.0 0.0" ref="pendulum03" lomd="ON"/>
<modelref id="mr294" status="3" position="-26.074861 1.500000 -18.345403" orientation="352.336408 0.0 0.0" ref="pendulum04" lomd="ON"/>
<modelref id="mr295" status="3" position="20.859279 1.500000 17.344695" orientation="70.769559 0.0 0.0" ref="pendulum05" lomd="ON"/>
<modelref id="mr296" status="3" position="33.116125 1.500000 -22.232270" orientation="90.584889 0.0 0.0" ref="pendulum01" lomd="ON"/>
<modelref id="mr297" status="3" position="-45.125514 1.500000 -27.309573" orientation="66.497812 0.0 0.0" ref="pendulum02" lomd="ON"/>
<modelref id="mr298" status="3" position="24.187094 1.500000 8.985326" orientation="22.186426 0.0 0.0" ref="pendulum03" lomd="ON"/>
<modelref id="mr299" status="3" position="-10.086586 1.500000 -43.279164" orientation="298.981830 0.0 0.0" ref="pendulum04" lomd="ON"/>
<modelref id="mr300" status="3" position="-19.474514 1.500000 48.976676" orientation="46.600358 0.0 0.0" ref="pendulum05" lomd="ON"/>


</hierarchy>

<script>
<schedule ref="mr1pe01">
  <triggref id="pendtr" ref="tr1" frame="0"/>
</schedule>
<schedule ref="mr2pe01">
  <triggref id="pendtr" ref="tr1" frame="0"/>
</schedule>
<schedule ref="mr3pe01">
  <triggref id="pendtr" ref="tr1" frame="0"/>
</schedule>
<schedule ref="mr4pe01">
  <triggref id="pendtr" ref="tr1" frame="0"/>
</schedule>
<schedule ref="mr5pe01">
  <triggref id="pendtr" ref="tr1" frame="0"/>
</schedule>
<schedule ref="mr6pe01">
  <triggref id="pendtr" ref="tr1" frame="0"/>
</schedule>
<schedule ref="mr7pe01">
  <triggref id="pendtr" ref="tr1" frame="0"/>
</schedule>
<schedule ref="mr8pe01">
  <triggref id="pendtr" ref="tr1" frame="0"/>
</schedule>
<schedule ref="mr9pe01">
  <triggref id="pendtr" ref="tr1" frame="0"/>
</schedule>
<schedule ref="mr10pe01">
  <triggref id="pendtr" ref="tr1" frame="0"/>
</schedule>
<schedule ref="mr11pe01">
  <triggref id="pendtr" ref="tr1" frame="0"/>
</schedule>
<schedule ref="mr12pe01">
  <triggref id="pendtr" ref="tr1" frame="0"/>
</schedule>
<schedule ref="mr13pe01">
  <triggref id="pendtr" ref="tr1" frame="0"/>
</schedule>
<schedule ref="mr14pe01">
  <triggref id="pendtr" ref="tr1" frame="0"/>
</schedule>
<schedule ref="mr15pe01">
  <triggref id="pendtr" ref="tr1" frame="0"/>
</schedule>
<schedule ref="mr16pe01">
  <triggref id="pendtr" ref="tr1" frame="0"/>
</schedule>
<schedule ref="mr17pe01">
  <triggref id="pendtr" ref="tr1" frame="0"/>
</schedule>
<schedule ref="mr18pe01">
  <triggref id="pendtr" ref="tr1" frame="0"/>
</schedule>
<schedule ref="mr19pe01">
  <triggref id="pendtr" ref="tr1" frame="0"/>
</schedule>
<schedule ref="mr20pe01">
  <triggref id="pendtr" ref="tr1" frame="0"/>
</schedule>
<schedule ref="mr21pe01">
  <triggref id="pendtr" ref="tr1" frame="0"/>
</schedule>
<schedule ref="mr22pe01">
  <triggref id="pendtr" ref="tr1" frame="0"/>
</schedule>
<schedule ref="mr23pe01">
  <triggref id="pendtr" ref="tr1" frame="0"/>
</schedule>
<schedule ref="mr24pe01">
  <triggref id="pendtr" ref="tr1" frame="0"/>
</schedule>
<schedule ref="mr25pe01">
  <triggref id="pendtr" ref="tr1" frame="0"/>
</schedule>
<schedule ref="mr26pe01">
  <triggref id="pendtr" ref="tr1" frame="0"/>
</schedule>
<schedule ref="mr27pe01">
  <triggref id="pendtr" ref="tr1" frame="0"/>
</schedule>
<schedule ref="mr28pe01">
  <triggref id="pendtr" ref="tr1" frame="0"/>
</schedule>
<schedule ref="mr29pe01">
  <triggref id="pendtr" ref="tr1" frame="0"/>
</schedule>
<schedule ref="mr30pe01">
  <triggref id="pendtr" ref="tr1" frame="0"/>
</schedule>
<schedule ref="mr31pe01">
  <triggref id="pendtr" ref="tr1" frame="0"/>
</schedule>
<schedule ref="mr32pe01">
  <triggref id="pendtr" ref="tr1" frame="0"/>
</schedule>
<schedule ref="mr33pe01">
  <triggref id="pendtr" ref="tr1" frame="0"/>
</schedule>
<schedule ref="mr34pe01">
  <triggref id="pendtr" ref="tr1" frame="0"/>
</schedule>
<schedule ref="mr35pe01">
  <triggref id="pendtr" ref="tr1" frame="0"/>
</schedule>
<schedule ref="mr36pe01">
  <triggref id="pendtr" ref="tr1" frame="0"/>
</schedule>
<schedule ref="mr37pe01">
  <triggref id="pendtr" ref="tr1" frame="0"/>
</schedule>
<schedule ref="mr38pe01">
  <triggref id="pendtr" ref="tr1" frame="0"/>
</schedule>
<schedule ref="mr39pe01">
  <triggref id="pendtr" ref="tr1" frame="0"/>
</schedule>
<schedule ref="mr40pe01">
  <triggref id="pendtr" ref="tr1" frame="0"/>
</schedule>
<schedule ref="mr41pe01">
  <triggref id="pendtr" ref="tr1" frame="0"/>
</schedule>
<schedule ref="mr42pe01">
  <triggref id="pendtr" ref="tr1" frame="0"/>
</schedule>
<schedule ref="mr43pe01">
  <triggref id="pendtr" ref="tr1" frame="0"/>
</schedule>
<schedule ref="mr44pe01">
  <triggref id="pendtr" ref="tr1" frame="0"/>
</schedule>
<schedule ref="mr45pe01">
  <triggref id="pendtr" ref="tr1" frame="0"/>
</schedule>
<schedule ref="mr46pe01">
  <triggref id="pendtr" ref="tr1" frame="0"/>
</schedule>
<schedule ref="mr47pe01">
  <triggref id="pendtr" ref="tr1" frame="0"/>
</schedule>
<schedule ref="mr48pe01">
  <triggref id="pendtr" ref="tr1" frame="0"/>
</schedule>
<schedule ref="mr49pe01">
  <triggref id="pendtr" ref="tr1" frame="0"/>
</schedule>
<schedule ref="mr50pe01">
  <triggref id="pendtr" ref="tr1" frame="0"/>
</schedule>
<schedule ref="mr51pe01">
  <triggref id="pendtr" ref="tr1" frame="0"/>
</schedule>
<schedule ref="mr52pe01">
  <triggref id="pendtr" ref="tr1" frame="0"/>
</schedule>
<schedule ref="mr53pe01">
  <triggref id="pendtr" ref="tr1" frame="0"/>
</schedule>
<schedule ref="mr54pe01">
  <triggref id="pendtr" ref="tr1" frame="0"/>
</schedule>
<schedule ref="mr55pe01">
  <triggref id="pendtr" ref="tr1" frame="0"/>
</schedule>
<schedule ref="mr56pe01">
  <triggref id="pendtr" ref="tr1" frame="0"/>
</schedule>
<schedule ref="mr57pe01">
  <triggref id="pendtr" ref="tr1" frame="0"/>
</schedule>
<schedule ref="mr58pe01">
  <triggref id="pendtr" ref="tr1" frame="0"/>
</schedule>
<schedule ref="mr59pe01">
  <triggref id="pendtr" ref="tr1" frame="0"/>
</schedule>
<schedule ref="mr60pe01">
  <triggref id="pendtr" ref="tr1" frame="0"/>
</schedule>
<schedule ref="mr61pe01">
  <triggref id="pendtr" ref="tr1" frame="0"/>
</schedule>
<schedule ref="mr62pe01">
  <triggref id="pendtr" ref="tr1" frame="0"/>
</schedule>
<schedule ref="mr63pe01">
  <triggref id="pendtr" ref="tr1" frame="0"/>
</schedule>
<schedule ref="mr64pe01">
  <triggref id="pendtr" ref="tr1" frame="0"/>
</schedule>
<schedule ref="mr65pe01">
  <triggref id="pendtr" ref="tr1" frame="0"/>
</schedule>
<schedule ref="mr66pe01">
  <triggref id="pendtr" ref="tr1" frame="0"/>
</schedule>
<schedule ref="mr67pe01">
  <triggref id="pendtr" ref="tr1" frame="0"/>
</schedule>
<schedule ref="mr68pe01">
  <triggref id="pendtr" ref="tr1" frame="0"/>
</schedule>
<schedule ref="mr69pe01">
  <triggref id="pendtr" ref="tr1" frame="0"/>
</schedule>
<schedule ref="mr70pe01">
  <triggref id="pendtr" ref="tr1" frame="0"/>
</schedule>
<schedule ref="mr71pe01">
  <triggref id="pendtr" ref="tr1" frame="0"/>
</schedule>
<schedule ref="mr72pe01">
  <triggref id="pendtr" ref="tr1" frame="0"/>
</schedule>
<schedule ref="mr73pe01">
  <triggref id="pendtr" ref="tr1" frame="0"/>
</schedule>
<schedule ref="mr74pe01">
  <triggref id="pendtr" ref="tr1" frame="0"/>
</schedule>
<schedule ref="mr75pe01">
  <triggref id="pendtr" ref="tr1" frame="0"/>
</schedule>
<schedule ref="mr76pe01">
  <triggref id="pendtr" ref="tr1" frame="0"/>
</schedule>
<schedule ref="mr77pe01">
  <triggref id="pendtr" ref="tr1" frame="0"/>
</schedule>
<schedule ref="mr78pe01">
  <triggref id="pendtr" ref="tr1" frame="0"/>
</schedule>
<schedule ref="mr79pe01">
  <triggref id="pendtr" ref="tr1" frame="0"/>
</schedule>
<schedule ref="mr80pe01">
  <triggref id="pendtr" ref="tr1" frame="0"/>
</schedule>
<schedule ref="mr81pe01">
  <triggref id="pendtr" ref="tr1" frame="0"/>
</schedule>
<schedule ref="mr82pe01">
  <triggref id="pendtr" ref="tr1" frame="0"/>
</schedule>
<schedule ref="mr83pe01">
  <triggref id="pendtr" ref="tr1" frame="0"/>
</schedule>
<schedule ref="mr84pe01">
  <triggref id="pendtr" ref="tr1" frame="0"/>
</schedule>
<schedule ref="mr85pe01">
  <triggref id="pendtr" ref="tr1" frame="0"/>
</schedule>
<schedule ref="mr86pe01">
  <triggref id="pendtr" ref="tr1" frame="0"/>
</schedule>
<schedule ref="mr87pe01">
  <triggref id="pendtr" ref="tr1" frame="0"/>
</schedule>
<schedule ref="mr88pe01">
  <triggref id="pendtr" ref="tr1" frame="0"/>
</schedule>
<schedule ref="mr89pe01">
  <triggref id="pendtr" ref="tr1" frame="0"/>
</schedule>
<schedule ref="mr90pe01">
  <triggref id="pendtr" ref="tr1" frame="0"/>
</schedule>
<schedule ref="mr91pe01">
  <triggref id="pendtr" ref="tr1" frame="0"/>
</schedule>
<schedule ref="mr92pe01">
  <triggref id="pendtr" ref="tr1" frame="0"/>
</schedule>
<schedule ref="mr93pe01">
  <triggref id="pendtr" ref="tr1" frame="0"/>
</schedule>
<schedule ref="mr94pe01">
  <triggref id="pendtr" ref="tr1" frame="0"/>
</schedule>
<schedule ref="mr95pe01">
  <triggref id="pendtr" ref="tr1" frame="0"/>
</schedule>
<schedule ref="mr96pe01">
  <triggref id="pendtr" ref="tr1" frame="0"/>
</schedule>
<schedule ref="mr97pe01">
  <triggref id="pendtr" ref="tr1" frame="0"/>
</schedule>
<schedule ref="mr98pe01">
  <triggref id="pendtr" ref="tr1" frame="0"/>
</schedule>
<schedule ref="mr99pe01">
  <triggref id="pendtr" ref="tr1" frame="0"/>
</schedule>
<schedule ref="mr100pe01">
  <triggref id="pendtr" ref="tr1" frame="0"/>
</schedule>
<schedule ref="mr101pe01">
  <triggref id="pendtr" ref="tr1" frame="0"/>
</schedule>
<schedule ref="mr102pe01">
  <triggref id="pendtr" ref="tr1" frame="0"/>
</schedule>
<schedule ref="mr103pe01">
  <triggref id="pendtr" ref="tr1" frame="0"/>
</schedule>
<schedule ref="mr104pe01">
  <triggref id="pendtr" ref="tr1" frame="0"/>
</schedule>
<schedule ref="mr105pe01">
  <triggref id="pendtr" ref="tr1" frame="0"/>
</schedule>
<schedule ref="mr106pe01">
  <triggref id="pendtr" ref="tr1" frame="0"/>
</schedule>
<schedule ref="mr107pe01">
  <triggref id="pendtr" ref="tr1" frame="0"/>
</schedule>
<schedule ref="mr108pe01">
  <triggref id="pendtr" ref="tr1" frame="0"/>
</schedule>
<schedule ref="mr109pe01">
  <triggref id="pendtr" ref="tr1" frame="0"/>
</schedule>
<schedule ref="mr110pe01">
  <triggref id="pendtr" ref="tr1" frame="0"/>
</schedule>
<schedule ref="mr111pe01">
  <triggref id="pendtr" ref="tr1" frame="0"/>
</schedule>
<schedule ref="mr112pe01">
  <triggref id="pendtr" ref="tr1" frame="0"/>
</schedule>
<schedule ref="mr113pe01">
  <triggref id="pendtr" ref="tr1" frame="0"/>
</schedule>
<schedule ref="mr114pe01">
  <triggref id="pendtr" ref="tr1" frame="0"/>
</schedule>
<schedule ref="mr115pe01">
  <triggref id="pendtr" ref="tr1" frame="0"/>
</schedule>
<schedule ref="mr116pe01">
  <triggref id="pendtr" ref="tr1" frame="0"/>
</schedule>
<schedule ref="mr117pe01">
  <triggref id="pendtr" ref="tr1" frame="0"/>
</schedule>
<schedule ref="mr118pe01">
  <triggref id="pendtr" ref="tr1" frame="0"/>
</schedule>
<schedule ref="mr119pe01">
  <triggref id="pendtr" ref="tr1" frame="0"/>
</schedule>
<schedule ref="mr120pe01">
  <triggref id="pendtr" ref="tr1" frame="0"/>
</schedule>
<schedule ref="mr121pe01">
  <triggref id="pendtr" ref="tr1" frame="0"/>
</schedule>
<schedule ref="mr122pe01">
  <triggref id="pendtr" ref="tr1" frame="0"/>
</schedule>
<schedule ref="mr123pe01">
  <triggref id="pendtr" ref="tr1" frame="0"/>
</schedule>
<schedule ref="mr124pe01">
  <triggref id="pendtr" ref="tr1" frame="0"/>
</schedule>
<schedule ref="mr125pe01">
  <triggref id="pendtr" ref="tr1" frame="0"/>
</schedule>
<schedule ref="mr126pe01">
  <triggref id="pendtr" ref="tr1" frame="0"/>
</schedule>
<schedule ref="mr127pe01">
  <triggref id="pendtr" ref="tr1" frame="0"/>
</schedule>
<schedule ref="mr128pe01">
  <triggref id="pendtr" ref="tr1" frame="0"/>
</schedule>
<schedule ref="mr129pe01">
  <triggref id="pendtr" ref="tr1" frame="0"/>
</schedule>
<schedule ref="mr130pe01">
  <triggref id="pendtr" ref="tr1" frame="0"/>
</schedule>
<schedule ref="mr131pe01">
  <triggref id="pendtr" ref="tr1" frame="0"/>
</schedule>
<schedule ref="mr132pe01">
  <triggref id="pendtr" ref="tr1" frame="0"/>
</schedule>
<schedule ref="mr133pe01">
  <triggref id="pendtr" ref="tr1" frame="0"/>
</schedule>
<schedule ref="mr134pe01">
  <triggref id="pendtr" ref="tr1" frame="0"/>
</schedule>
<schedule ref="mr135pe01">
  <triggref id="pendtr" ref="tr1" frame="0"/>
</schedule>
<schedule ref="mr136pe01">
  <triggref id="pendtr" ref="tr1" frame="0"/>
</schedule>
<schedule ref="mr137pe01">
  <triggref id="pendtr" ref="tr1" frame="0"/>
</schedule>
<schedule ref="mr138pe01">
  <triggref id="pendtr" ref="tr1" frame="0"/>
</schedule>
<schedule ref="mr139pe01">
  <triggref id="pendtr" ref="tr1" frame="0"/>
</schedule>
<schedule ref="mr140pe01">
  <triggref id="pendtr" ref="tr1" frame="0"/>
</schedule>
<schedule ref="mr141pe01">
  <triggref id="pendtr" ref="tr1" frame="0"/>
</schedule>
<schedule ref="mr142pe01">
  <triggref id="pendtr" ref="tr1" frame="0"/>
</schedule>
<schedule ref="mr143pe01">
  <triggref id="pendtr" ref="tr1" frame="0"/>
</schedule>
<schedule ref="mr144pe01">
  <triggref id="pendtr" ref="tr1" frame="0"/>
</schedule>
<schedule ref="mr145pe01">
  <triggref id="pendtr" ref="tr1" frame="0"/>
</schedule>
<schedule ref="mr146pe01">
  <triggref id="pendtr" ref="tr1" frame="0"/>
</schedule>
<schedule ref="mr147pe01">
  <triggref id="pendtr" ref="tr1" frame="0"/>
</schedule>
<schedule ref="mr148pe01">
  <triggref id="pendtr" ref="tr1" frame="0"/>
</schedule>
<schedule ref="mr149pe01">
  <triggref id="pendtr" ref="tr1" frame="0"/>
</schedule>
<schedule ref="mr150pe01">
  <triggref id="pendtr" ref="tr1" frame="0"/>
</schedule>
<schedule ref="mr151pe01">
  <triggref id="pendtr" ref="tr1" frame="0"/>
</schedule>
<schedule ref="mr152pe01">
  <triggref id="pendtr" ref="tr1" frame="0"/>
</schedule>
<schedule ref="mr153pe01">
  <triggref id="pendtr" ref="tr1" frame="0"/>
</schedule>
<schedule ref="mr154pe01">
  <triggref id="pendtr" ref="tr1" frame="0"/>
</schedule>
<schedule ref="mr155pe01">
  <triggref id="pendtr" ref="tr1" frame="0"/>
</schedule>
<schedule ref="mr156pe01">
  <triggref id="pendtr" ref="tr1" frame="0"/>
</schedule>
<schedule ref="mr157pe01">
  <triggref id="pendtr" ref="tr1" frame="0"/>
</schedule>
<schedule ref="mr158pe01">
  <triggref id="pendtr" ref="tr1" frame="0"/>
</schedule>
<schedule ref="mr159pe01">
  <triggref id="pendtr" ref="tr1" frame="0"/>
</schedule>
<schedule ref="mr160pe01">
  <triggref id="pendtr" ref="tr1" frame="0"/>
</schedule>
<schedule ref="mr161pe01">
  <triggref id="pendtr" ref="tr1" frame="0"/>
</schedule>
<schedule ref="mr162pe01">
  <triggref id="pendtr" ref="tr1" frame="0"/>
</schedule>
<schedule ref="mr163pe01">
  <triggref id="pendtr" ref="tr1" frame="0"/>
</schedule>
<schedule ref="mr164pe01">
  <triggref id="pendtr" ref="tr1" frame="0"/>
</schedule>
<schedule ref="mr165pe01">
  <triggref id="pendtr" ref="tr1" frame="0"/>
</schedule>
<schedule ref="mr166pe01">
  <triggref id="pendtr" ref="tr1" frame="0"/>
</schedule>
<schedule ref="mr167pe01">
  <triggref id="pendtr" ref="tr1" frame="0"/>
</schedule>
<schedule ref="mr168pe01">
  <triggref id="pendtr" ref="tr1" frame="0"/>
</schedule>
<schedule ref="mr169pe01">
  <triggref id="pendtr" ref="tr1" frame="0"/>
</schedule>
<schedule ref="mr170pe01">
  <triggref id="pendtr" ref="tr1" frame="0"/>
</schedule>
<schedule ref="mr171pe01">
  <triggref id="pendtr" ref="tr1" frame="0"/>
</schedule>
<schedule ref="mr172pe01">
  <triggref id="pendtr" ref="tr1" frame="0"/>
</schedule>
<schedule ref="mr173pe01">
  <triggref id="pendtr" ref="tr1" frame="0"/>
</schedule>
<schedule ref="mr174pe01">
  <triggref id="pendtr" ref="tr1" frame="0"/>
</schedule>
<schedule ref="mr175pe01">
  <triggref id="pendtr" ref="tr1" frame="0"/>
</schedule>
<schedule ref="mr176pe01">
  <triggref id="pendtr" ref="tr1" frame="0"/>
</schedule>
<schedule ref="mr177pe01">
  <triggref id="pendtr" ref="tr1" frame="0"/>
</schedule>
<schedule ref="mr178pe01">
  <triggref id="pendtr" ref="tr1" frame="0"/>
</schedule>
<schedule ref="mr179pe01">
  <triggref id="pendtr" ref="tr1" frame="0"/>
</schedule>
<schedule ref="mr180pe01">
  <triggref id="pendtr" ref="tr1" frame="0"/>
</schedule>
<schedule ref="mr181pe01">
  <triggref id="pendtr" ref="tr1" frame="0"/>
</schedule>
<schedule ref="mr182pe01">
  <triggref id="pendtr" ref="tr1" frame="0"/>
</schedule>
<schedule ref="mr183pe01">
  <triggref id="pendtr" ref="tr1" frame="0"/>
</schedule>
<schedule ref="mr184pe01">
  <triggref id="pendtr" ref="tr1" frame="0"/>
</schedule>
<schedule ref="mr185pe01">
  <triggref id="pendtr" ref="tr1" frame="0"/>
</schedule>
<schedule ref="mr186pe01">
  <triggref id="pendtr" ref="tr1" frame="0"/>
</schedule>
<schedule ref="mr187pe01">
  <triggref id="pendtr" ref="tr1" frame="0"/>
</schedule>
<schedule ref="mr188pe01">
  <triggref id="pendtr" ref="tr1" frame="0"/>
</schedule>
<schedule ref="mr189pe01">
  <triggref id="pendtr" ref="tr1" frame="0"/>
</schedule>
<schedule ref="mr190pe01">
  <triggref id="pendtr" ref="tr1" frame="0"/>
</schedule>
<schedule ref="mr191pe01">
  <triggref id="pendtr" ref="tr1" frame="0"/>
</schedule>
<schedule ref="mr192pe01">
  <triggref id="pendtr" ref="tr1" frame="0"/>
</schedule>
<schedule ref="mr193pe01">
  <triggref id="pendtr" ref="tr1" frame="0"/>
</schedule>
<schedule ref="mr194pe01">
  <triggref id="pendtr" ref="tr1" frame="0"/>
</schedule>
<schedule ref="mr195pe01">
  <triggref id="pendtr" ref="tr1" frame="0"/>
</schedule>
<schedule ref="mr196pe01">
  <triggref id="pendtr" ref="tr1" frame="0"/>
</schedule>
<schedule ref="mr197pe01">
  <triggref id="pendtr" ref="tr1" frame="0"/>
</schedule>
<schedule ref="mr198pe01">
  <triggref id="pendtr" ref="tr1" frame="0"/>
</schedule>
<schedule ref="mr199pe01">
  <triggref id="pendtr" ref="tr1" frame="0"/>
</schedule>
<schedule ref="mr200pe01">
  <triggref id="pendtr" ref="tr1" frame="0"/>
</schedule>
<schedule ref="mr201pe01">
  <triggref id="pendtr" ref="tr1" frame="0"/>
</schedule>
<schedule ref="mr202pe01">
  <triggref id="pendtr" ref="tr1" frame="0"/>
</schedule>
<schedule ref="mr203pe01">
  <triggref id="pendtr" ref="tr1" frame="0"/>
</schedule>
<schedule ref="mr204pe01">
  <triggref id="pendtr" ref="tr1" frame="0"/>
</schedule>
<schedule ref="mr205pe01">
  <triggref id="pendtr" ref="tr1" frame="0"/>
</schedule>
<schedule ref="mr206pe01">
  <triggref id="pendtr" ref="tr1" frame="0"/>
</schedule>
<schedule ref="mr207pe01">
  <triggref id="pendtr" ref="tr1" frame="0"/>
</schedule>
<schedule ref="mr208pe01">
  <triggref id="pendtr" ref="tr1" frame="0"/>
</schedule>
<schedule ref="mr209pe01">
  <triggref id="pendtr" ref="tr1" frame="0"/>
</schedule>
<schedule ref="mr210pe01">
  <triggref id="pendtr" ref="tr1" frame="0"/>
</schedule>
<schedule ref="mr211pe01">
  <triggref id="pendtr" ref="tr1" frame="0"/>
</schedule>
<schedule ref="mr212pe01">
  <triggref id="pendtr" ref="tr1" frame="0"/>
</schedule>
<schedule ref="mr213pe01">
  <triggref id="pendtr" ref="tr1" frame="0"/>
</schedule>
<schedule ref="mr214pe01">
  <triggref id="pendtr" ref="tr1" frame="0"/>
</schedule>
<schedule ref="mr215pe01">
  <triggref id="pendtr" ref="tr1" frame="0"/>
</schedule>
<schedule ref="mr216pe01">
  <triggref id="pendtr" ref="tr1" frame="0"/>
</schedule>
<schedule ref="mr217pe01">
  <triggref id="pendtr" ref="tr1" frame="0"/>
</schedule>
<schedule ref="mr218pe01">
  <triggref id="pendtr" ref="tr1" frame="0"/>
</schedule>
<schedule ref="mr219pe01">
  <triggref id="pendtr" ref="tr1" frame="0"/>
</schedule>
<schedule ref="mr220pe01">
  <triggref id="pendtr" ref="tr1" frame="0"/>
</schedule>
<schedule ref="mr221pe01">
  <triggref id="pendtr" ref="tr1" frame="0"/>
</schedule>
<schedule ref="mr222pe01">
  <triggref id="pendtr" ref="tr1" frame="0"/>
</schedule>
<schedule ref="mr223pe01">
  <triggref id="pendtr" ref="tr1" frame="0"/>
</schedule>
<schedule ref="mr224pe01">
  <triggref id="pendtr" ref="tr1" frame="0"/>
</schedule>
<schedule ref="mr225pe01">
  <triggref id="pendtr" ref="tr1" frame="0"/>
</schedule>
<schedule ref="mr226pe01">
  <triggref id="pendtr" ref="tr1" frame="0"/>
</schedule>
<schedule ref="mr227pe01">
  <triggref id="pendtr" ref="tr1" frame="0"/>
</schedule>
<schedule ref="mr228pe01">
  <triggref id="pendtr" ref="tr1" frame="0"/>
</schedule>
<schedule ref="mr229pe01">
  <triggref id="pendtr" ref="tr1" frame="0"/>
</schedule>
<schedule ref="mr230pe01">
  <triggref id="pendtr" ref="tr1" frame="0"/>
</schedule>
<schedule ref="mr231pe01">
  <triggref id="pendtr" ref="tr1" frame="0"/>
</schedule>
<schedule ref="mr232pe01">
  <triggref id="pendtr" ref="tr1" frame="0"/>
</schedule>
<schedule ref="mr233pe01">
  <triggref id="pendtr" ref="tr1" frame="0"/>
</schedule>
<schedule ref="mr234pe01">
  <triggref id="pendtr" ref="tr1" frame="0"/>
</schedule>
<schedule ref="mr235pe01">
  <triggref id="pendtr" ref="tr1" frame="0"/>
</schedule>
<schedule ref="mr236pe01">
  <triggref id="pendtr" ref="tr1" frame="0"/>
</schedule>
<schedule ref="mr237pe01">
  <triggref id="pendtr" ref="tr1" frame="0"/>
</schedule>
<schedule ref="mr238pe01">
  <triggref id="pendtr" ref="tr1" frame="0"/>
</schedule>
<schedule ref="mr239pe01">
  <triggref id="pendtr" ref="tr1" frame="0"/>
</schedule>
<schedule ref="mr240pe01">
  <triggref id="pendtr" ref="tr1" frame="0"/>
</schedule>
<schedule ref="mr241pe01">
  <triggref id="pendtr" ref="tr1" frame="0"/>
</schedule>
<schedule ref="mr242pe01">
  <triggref id="pendtr" ref="tr1" frame="0"/>
</schedule>
<schedule ref="mr243pe01">
  <triggref id="pendtr" ref="tr1" frame="0"/>
</schedule>
<schedule ref="mr244pe01">
  <triggref id="pendtr" ref="tr1" frame="0"/>
</schedule>
<schedule ref="mr245pe01">
  <triggref id="pendtr" ref="tr1" frame="0"/>
</schedule>
<schedule ref="mr246pe01">
  <triggref id="pendtr" ref="tr1" frame="0"/>
</schedule>
<schedule ref="mr247pe01">
  <triggref id="pendtr" ref="tr1" frame="0"/>
</schedule>
<schedule ref="mr248pe01">
  <triggref id="pendtr" ref="tr1" frame="0"/>
</schedule>
<schedule ref="mr249pe01">
  <triggref id="pendtr" ref="tr1" frame="0"/>
</schedule>
<schedule ref="mr250pe01">
  <triggref id="pendtr" ref="tr1" frame="0"/>
</schedule>
<schedule ref="mr251pe01">
  <triggref id="pendtr" ref="tr1" frame="0"/>
</schedule>
<schedule ref="mr252pe01">
  <triggref id="pendtr" ref="tr1" frame="0"/>
</schedule>
<schedule ref="mr253pe01">
  <triggref id="pendtr" ref="tr1" frame="0"/>
</schedule>
<schedule ref="mr254pe01">
  <triggref id="pendtr" ref="tr1" frame="0"/>
</schedule>
<schedule ref="mr255pe01">
  <triggref id="pendtr" ref="tr1" frame="0"/>
</schedule>
<schedule ref="mr256pe01">
  <triggref id="pendtr" ref="tr1" frame="0"/>
</schedule>
<schedule ref="mr257pe01">
  <triggref id="pendtr" ref="tr1" frame="0"/>
</schedule>
<schedule ref="mr258pe01">
  <triggref id="pendtr" ref="tr1" frame="0"/>
</schedule>
<schedule ref="mr259pe01">
  <triggref id="pendtr" ref="tr1" frame="0"/>
</schedule>
<schedule ref="mr260pe01">
  <triggref id="pendtr" ref="tr1" frame="0"/>
</schedule>
<schedule ref="mr261pe01">
  <triggref id="pendtr" ref="tr1" frame="0"/>
</schedule>
<schedule ref="mr262pe01">
  <triggref id="pendtr" ref="tr1" frame="0"/>
</schedule>
<schedule ref="mr263pe01">
  <triggref id="pendtr" ref="tr1" frame="0"/>
</schedule>
<schedule ref="mr264pe01">
  <triggref id="pendtr" ref="tr1" frame="0"/>
</schedule>
<schedule ref="mr265pe01">
  <triggref id="pendtr" ref="tr1" frame="0"/>
</schedule>
<schedule ref="mr266pe01">
  <triggref id="pendtr" ref="tr1" frame="0"/>
</schedule>
<schedule ref="mr267pe01">
  <triggref id="pendtr" ref="tr1" frame="0"/>
</schedule>
<schedule ref="mr268pe01">
  <triggref id="pendtr" ref="tr1" frame="0"/>
</schedule>
<schedule ref="mr269pe01">
  <triggref id="pendtr" ref="tr1" frame="0"/>
</schedule>
<schedule ref="mr270pe01">
  <triggref id="pendtr" ref="tr1" frame="0"/>
</schedule>
<schedule ref="mr271pe01">
  <triggref id="pendtr" ref="tr1" frame="0"/>
</schedule>
<schedule ref="mr272pe01">
  <triggref id="pendtr" ref="tr1" frame="0"/>
</schedule>
<schedule ref="mr273pe01">
  <triggref id="pendtr" ref="tr1" frame="0"/>
</schedule>
<schedule ref="mr274pe01">
  <triggref id="pendtr" ref="tr1" frame="0"/>
</schedule>
<schedule ref="mr275pe01">
  <triggref id="pendtr" ref="tr1" frame="0"/>
</schedule>
<schedule ref="mr276pe01">
  <triggref id="pendtr" ref="tr1" frame="0"/>
</schedule>
<schedule ref="mr277pe01">
  <triggref id="pendtr" ref="tr1" frame="0"/>
</schedule>
<schedule ref="mr278pe01">
  <triggref id="pendtr" ref="tr1" frame="0"/>
</schedule>
<schedule ref="mr279pe01">
  <triggref id="pendtr" ref="tr1" frame="0"/>
</schedule>
<schedule ref="mr280pe01">
  <triggref id="pendtr" ref="tr1" frame="0"/>
</schedule>
<schedule ref="mr281pe01">
  <triggref id="pendtr" ref="tr1" frame="0"/>
</schedule>
<schedule ref="mr282pe01">
  <triggref id="pendtr" ref="tr1" frame="0"/>
</schedule>
<schedule ref="mr283pe01">
  <triggref id="pendtr" ref="tr1" frame="0"/>
</schedule>
<schedule ref="mr284pe01">
  <triggref id="pendtr" ref="tr1" frame="0"/>
</schedule>
<schedule ref="mr285pe01">
  <triggref id="pendtr" ref="tr1" frame="0"/>
</schedule>
<schedule ref="mr286pe01">
  <triggref id="pendtr" ref="tr1" frame="0"/>
</schedule>
<schedule ref="mr287pe01">
  <triggref id="pendtr" ref="tr1" frame="0"/>
</schedule>
<schedule ref="mr288pe01">
  <triggref id="pendtr" ref="tr1" frame="0"/>
</schedule>
<schedule ref="mr289pe01">
  <triggref id="pendtr" ref="tr1" frame="0"/>
</schedule>
<schedule ref="mr290pe01">
  <triggref id="pendtr" ref="tr1" frame="0"/>
</schedule>
<schedule ref="mr291pe01">
  <triggref id="pendtr" ref="tr1" frame="0"/>
</schedule>
<schedule ref="mr292pe01">
  <triggref id="pendtr" ref="tr1" frame="0"/>
</schedule>
<schedule ref="mr293pe01">
  <triggref id="pendtr" ref="tr1" frame="0"/>
</schedule>
<schedule ref="mr294pe01">
  <triggref id="pendtr" ref="tr1" frame="0"/>
</schedule>
<schedule ref="mr295pe01">
  <triggref id="pendtr" ref="tr1" frame="0"/>
</schedule>
<schedule ref="mr296pe01">
  <triggref id="pendtr" ref="tr1" frame="0"/>
</schedule>
<schedule ref="mr297pe01">
  <triggref id="pendtr" ref="tr1" frame="0"/>
</schedule>
<schedule ref="mr298pe01">
  <triggref id="pendtr" ref="tr1" frame="0"/>
</schedule>
<schedule ref="mr299pe01">
  <triggref id="pendtr" ref="tr1" frame="0"/>
</schedule>
<schedule ref="mr300pe01">
  <triggref id="pendtr" ref="tr1" frame="0"/>
</schedule>
 <schedule ref="cam00">
      <triggref id="pendtr" ref="tr3" frame="10"/>
    </schedule>
    
</script>
</scene>

