Release 7.1.04i - par H.42
Copyright (c) 1995-2005 Xilinx, Inc.  All rights reserved.

#Thu Dec 14 18:37:03 2006

#
## NOTE: This file is designed to be imported into a spreadsheet program
# such as Microsoft Excel for viewing, printing and sorting. The |
# character is used as the data field separator. This file is also designed
# to support parsing.
#
#INPUT FILE:       cpu_map.ncd
#OUTPUT FILE:      cpu_pad.csv
#PART TYPE:        xc2s200e
#SPEED GRADE:      -6
#PACKAGE:          pq208
#
# Pinout by Pin Number:
# 
# -----,-----,-----,-----,-----,-----,-----,-----,-----,-----,-----,-----,-----,-----,-----,-----,
# Pin Number,Signal Name,Pin Usage,Pin Name,Direction,IO Standard,IO Bank Number,Drive (mA),Slew Rate,Termination,IOB Delay,Voltage,Constraint,DCI Value,IO Register,Signal Integrity,
P1,,,GND,,,,,,,,,,,,,
P2,,,TMS,,,,,,,,,,,,,
P3,,IOB,IO,UNUSED,,7,,,,,,,,,,
P4,,IOB,IO_VREF_7,UNUSED,,7,,,,,,,,,,
P5,,IOB,IO,UNUSED,,7,,,,,,,,,,
P6,,IOB,IO_VREF_7_L49P_Y,UNUSED,,7,,,,,,,,,,
P7,,IOB,IO_L49N_Y,UNUSED,,7,,,,,,,,,,
P8,,IOB,IO,UNUSED,,7,,,,,,,,,,
P9,,IOB,IO,UNUSED,,7,,,,,,,,,,
P10,,IOB,IO_VREF_7_L48P,UNUSED,,7,,,,,,,,,,
P11,,IOB,IO_L48N,UNUSED,,7,,,,,,,,,,
P12,,,GND,,,,,,,,,,,,,
P13,,,VCCO,,,0,,,,,3.30,,,,,
P14,,,VCCINT,,,,,,,,1.8,,,,,
P15,,IOB,IO_L47P_YY,UNUSED,,7,,,,,,,,,,
P16,,IOB,IO_L47N_YY,UNUSED,,7,,,,,,,,,,
P17,,IOB,IO_L46P_YY,UNUSED,,7,,,,,,,,,,
P18,,IOB,IO_L46N_YY,UNUSED,,7,,,,,,,,,,
P19,,,GND,,,,,,,,,,,,,
P20,,IOB,IO_VREF_7_L45P,UNUSED,,7,,,,,,,,,,
P21,,IOB,IO_L45N,UNUSED,,7,,,,,,,,,,
P22,,IOB,IO,UNUSED,,7,,,,,,,,,,
P23,,IOB,IO_L44P_YY,UNUSED,,7,,,,,,,,,,
P24,,PCIIOB,IO_IRDY_L44N_YY,UNUSED,,7,,,,,,,,,,
P25,,,GND,,,,,,,,,,,,,
P26,,,VCCO,,,0,,,,,3.30,,,,,
P27,,PCIIOB,IO_TRDY,UNUSED,,6,,,,,,,,,,
P28,,,VCCINT,,,,,,,,1.8,,,,,
P29,,IOB,IO,UNUSED,,6,,,,,,,,,,
P30,,IOB,IO_L43P,UNUSED,,6,,,,,,,,,,
P31,,IOB,IO_VREF_6_L43N,UNUSED,,6,,,,,,,,,,
P32,,,GND,,,,,,,,,,,,,
P33,,IOB,IO_L42P_YY,UNUSED,,6,,,,,,,,,,
P34,,IOB,IO_L42N_YY,UNUSED,,6,,,,,,,,,,
P35,,IOB,IO_L41P_YY,UNUSED,,6,,,,,,,,,,
P36,,IOB,IO_L41N_YY,UNUSED,,6,,,,,,,,,,
P37,,,VCCINT,,,,,,,,1.8,,,,,
P38,,,VCCO,,,0,,,,,3.30,,,,,
P39,,,GND,,,,,,,,,,,,,
P40,,IOB,IO_L40P,UNUSED,,6,,,,,,,,,,
P41,,IOB,IO_VREF_6_L40N,UNUSED,,6,,,,,,,,,,
P42,COM_TX_ACK,IOB,IO,INPUT,LVTTL,6,,,,NONE,,,,NO,NONE,
P43,,IOB,IO,UNUSED,,6,,,,,,,,,,
P44,,IOB,IO,UNUSED,,6,,,,,,,,,,
P45,,IOB,IO_VREF_6_L39P,UNUSED,,6,,,,,,,,,,
P46,,IOB,IO_L39N,UNUSED,,6,,,,,,,,,,
P47,,IOB,IO_VREF_6,UNUSED,,6,,,,,,,,,,
P48,,IOB,IO_L38P_YY,UNUSED,,6,,,,,,,,,,
P49,,IOB,IO_L38N_YY,UNUSED,,6,,,,,,,,,,
P50,,,M1,,,,,,,,,,,,,
P51,,,GND,,,,,,,,,,,,,
P52,,,M0,,,,,,,,,,,,,
P53,,,VCCO,,,0,,,,,3.30,,,,,
P54,,,M2,,,,,,,,,,,,,
P55,,IOB,IO_L37N_YY,UNUSED,,5,,,,,,,,,,
P56,,IOB,IO_L37P_YY,UNUSED,,5,,,,,,,,,,
P57,,IOB,IO_VREF_5,UNUSED,,5,,,,,,,,,,
P58,,IOB,IO,UNUSED,,5,,,,,,,,,,
P59,,IOB,IO_VREF_5_L36N_YY,UNUSED,,5,,,,,,,,,,
P60,,IOB,IO_L36P_YY,UNUSED,,5,,,,,,,,,,
P61,RESET,IOB,IO_L35N,INPUT,LVTTL,5,,,,NONE,,,,NO,NONE,
P62,GPS_TX_ACK,IOB,IO_L35P,INPUT,LVTTL,5,,,,NONE,,,,NO,NONE,
P63,SRAM_TX_ACK,IOB,IO_VREF_5_L34N_Y,INPUT,LVTTL,5,,,,NONE,,,,NO,NONE,
P64,GPS_TX_VALID,IOB,IO_L34P_Y,OUTPUT,LVTTL,5,12,SLOW,NONE**,,,,,YES,NONE,
P65,,,GND,,,,,,,,,,,,,
P66,,,VCCO,,,0,,,,,3.30,,,,,
P67,,,VCCINT,,,,,,,,1.8,,,,,
P68,SRAM_TX_VALID,IOB,IO_L33N_Y,OUTPUT,LVTTL,5,12,SLOW,NONE**,,,,,YES,NONE,
P69,GLCD_TX_VALID,IOB,IO_L33P_Y,OUTPUT,LVTTL,5,12,SLOW,NONE**,,,,,YES,NONE,
P70,SRAM_RX_ACK,IOB,IO,OUTPUT,LVTTL,5,12,SLOW,NONE**,,,,,YES,NONE,
P71,SRAM_RX_VALID,IOB,IO_L32N,INPUT,LVTTL,5,,,,IFD,,,,YES,NONE,
P72,,,GND,,,,,,,,,,,,,
P73,COM_TX_VALID,IOB,IO_VREF_5_L32P,OUTPUT,LVTTL,5,12,SLOW,NONE**,,,,,YES,NONE,
P74,SRAM_TX_DATA<7>,IOB,IO,OUTPUT,LVTTL,5,12,SLOW,NONE**,,,,,YES,NONE,
P75,SRAM_TX_DATA<4>,IOB,IO_LVDS_DLL_L31N,OUTPUT,LVTTL,5,12,SLOW,NONE**,,,,,YES,NONE,
P76,,,VCCINT,,,,,,,,1.8,,,,,
P77,CLK,GCLKIOB,GCK1,INPUT,LVTTL,5,,,,NONE,,,,NO,NONE,
P78,,,VCCO,,,0,,,,,3.30,,,,,
P79,,,GND,,,,,,,,,,,,,
P80,,GCLKIOB,GCK0,UNUSED,,4,,,,,,,,,,
P81,GPS_TX_DATA<3>,IOB,IO_LVDS_DLL_L31P,OUTPUT,LVTTL,4,12,SLOW,NONE**,,,,,YES,NONE,
P82,SRAM_TX_DATA<3>,IOB,IO,OUTPUT,LVTTL,4,12,SLOW,NONE**,,,,,YES,NONE,
P83,COM_TX_DATA<3>,IOB,IO_L30N_Y,OUTPUT,LVTTL,4,12,SLOW,NONE**,,,,,YES,NONE,
P84,GLCD_TX_DATA<0>,IOB,IO_VREF_4_L30P_Y,OUTPUT,LVTTL,4,12,SLOW,NONE**,,,,,YES,NONE,
P85,,,GND,,,,,,,,,,,,,
P86,SRAM_TX_DATA<1>,IOB,IO_L29N_Y,OUTPUT,LVTTL,4,12,SLOW,NONE**,,,,,YES,NONE,
P87,GPS_TX_DATA<1>,IOB,IO_L29P_Y,OUTPUT,LVTTL,4,12,SLOW,NONE**,,,,,YES,NONE,
P88,SRAM_TX_DATA<2>,IOB,IO_L28N_Y,OUTPUT,LVTTL,4,12,SLOW,NONE**,,,,,YES,NONE,
P89,GPS_TX_DATA<2>,IOB,IO_L28P_Y,OUTPUT,LVTTL,4,12,SLOW,NONE**,,,,,YES,NONE,
P90,,,VCCINT,,,,,,,,1.8,,,,,
P91,,,VCCO,,,0,,,,,3.30,,,,,
P92,,,GND,,,,,,,,,,,,,
P93,GPS_RX_DATA<3>,IOB,IO_L27N_Y,INPUT,LVTTL,4,,,,NONE,,,,NO,NONE,
P94,GPS_RX_DATA<0>,IOB,IO_VREF_4_L27P_Y,INPUT,LVTTL,4,,,,NONE,,,,NO,NONE,
P95,COM_RX_DATA<3>,IOB,IO,INPUT,LVTTL,4,,,,NONE,,,,NO,NONE,
P96,COM_RX_DATA<0>,IOB,IO,INPUT,LVTTL,4,,,,NONE,,,,NO,NONE,
P97,GPS_TX_DATA<7>,IOB,IO_L26N_YY,OUTPUT,LVTTL,4,12,SLOW,NONE**,,,,,YES,NONE,
P98,SRAM_RX_DATA<3>,IOB,IO_VREF_4_L26P_YY,INPUT,LVTTL,4,,,,NONE,,,,NO,NONE,
P99,GLCD_TX_DATA<1>,IOB,IO,OUTPUT,LVTTL,4,12,SLOW,NONE**,,,,,YES,NONE,
P100,COM_TX_DATA<6>,IOB,IO_VREF_4,OUTPUT,LVTTL,4,12,SLOW,NONE**,,,,,YES,NONE,
P101,SRAM_TX_DATA<0>,IOB,IO_L25N_YY,OUTPUT,LVTTL,4,12,SLOW,NONE**,,,,,YES,NONE,
P102,,IOB,IO_L25P_YY,UNUSED,,4,,,,,,,,,,
P103,,,GND,,,,,,,,,,,,,
P104,,,DONE,,,,,,,,,,,,,
P105,,,VCCO,,,0,,,,,3.30,,,,,
P106,,,PROGRAM,,,,,,,,,,,,,
P107,,IOB,IO_INIT_L24N_YY,UNUSED,,3,,,,,,,,,,
P108,,IOB,IO_D7_L24P_YY,UNUSED,,3,,,,,,,,,,
P109,,IOB,IO_VREF_3,UNUSED,,3,,,,,,,,,,
P110,,IOB,IO,UNUSED,,3,,,,,,,,,,
P111,COM_TX_DATA<0>,IOB,IO_VREF_3_L23N_Y,OUTPUT,LVTTL,3,12,SLOW,NONE**,,,,,YES,NONE,
P112,COM_TX_DATA<2>,IOB,IO_L23P_Y,OUTPUT,LVTTL,3,12,SLOW,NONE**,,,,,YES,NONE,
P113,GLCD_TX_DATA<3>,IOB,IO,OUTPUT,LVTTL,3,12,SLOW,NONE**,,,,,YES,NONE,
P114,SRAM_RX_DATA<2>,IOB,IO,INPUT,LVTTL,3,,,,NONE,,,,NO,NONE,
P115,GLCD_TX_DATA<4>,IOB,IO_VREF_3_L22N,OUTPUT,LVTTL,3,12,SLOW,NONE**,,,,,YES,NONE,
P116,SRAM_RX_DATA<0>,IOB,IO_D6_L22P,INPUT,LVTTL,3,,,,NONE,,,,NO,NONE,
P117,,,GND,,,,,,,,,,,,,
P118,,,VCCO,,,0,,,,,3.30,,,,,
P119,,,VCCINT,,,,,,,,1.8,,,,,
P120,COM_RX_ACK,IOB,IO_D5_L21N_YY,OUTPUT,LVTTL,3,12,SLOW,NONE**,,,,,NO,NONE,
P121,COM_RX_VALID,IOB,IO_L21P_YY,INPUT,LVTTL,3,,,,IFD,,,,YES,NONE,
P122,SRAM_RX_DATA<1>,IOB,IO_L20N_YY,INPUT,LVTTL,3,,,,NONE,,,,NO,NONE,
P123,COM_TX_DATA<4>,IOB,IO_L20P_YY,OUTPUT,LVTTL,3,12,SLOW,NONE**,,,,,YES,NONE,
P124,,,GND,,,,,,,,,,,,,
P125,SRAM_RX_DATA<5>,IOB,IO_VREF_3_L19N,INPUT,LVTTL,3,,,,NONE,,,,NO,NONE,
P126,COM_TX_DATA<5>,IOB,IO_D4_L19P,OUTPUT,LVTTL,3,12,SLOW,NONE**,,,,,YES,NONE,
P127,GLCD_TX_DATA<5>,IOB,IO,OUTPUT,LVTTL,3,12,SLOW,NONE**,,,,,YES,NONE,
P128,,,VCCINT,,,,,,,,1.8,,,,,
P129,COM_RX_DATA<7>,IOB,IO_TRDY,INPUT,LVTTL,3,,,,NONE,,,,NO,NONE,
P130,,,VCCO,,,0,,,,,3.30,,,,,
P131,,,GND,,,,,,,,,,,,,
P132,GPS_RX_DATA<7>,IOB,IO_IRDY_L18N_YY,INPUT,LVTTL,2,,,,NONE,,,,NO,NONE,
P133,GPS_RX_DATA<2>,IOB,IO_L18P_YY,INPUT,LVTTL,2,,,,NONE,,,,NO,NONE,
P134,SRAM_RX_DATA<7>,IOB,IO,INPUT,LVTTL,2,,,,NONE,,,,NO,NONE,
P135,,IOB,IO_D3_L17N,UNUSED,,2,,,,,,,,,,
P136,,IOB,IO_VREF_2_L17P,UNUSED,,2,,,,,,,,,,
P137,,,GND,,,,,,,,,,,,,
P138,,IOB,IO_L16N_YY,UNUSED,,2,,,,,,,,,,
P139,,IOB,IO_L16P_YY,UNUSED,,2,,,,,,,,,,
P140,,IOB,IO_L15N_YY,UNUSED,,2,,,,,,,,,,
P141,,IOB,IO_D2_L15P_YY,UNUSED,,2,,,,,,,,,,
P142,,,VCCINT,,,,,,,,1.8,,,,,
P143,,,VCCO,,,0,,,,,3.30,,,,,
P144,,,GND,,,,,,,,,,,,,
P145,,IOB,IO_D1_L14N,UNUSED,,2,,,,,,,,,,
P146,,IOB,IO_VREF_2_L14P,UNUSED,,2,,,,,,,,,,
P147,,IOB,IO,UNUSED,,2,,,,,,,,,,
P148,,IOB,IO,UNUSED,,2,,,,,,,,,,
P149,,IOB,IO,UNUSED,,2,,,,,,,,,,
P150,,IOB,IO_VREF_2_L13N,UNUSED,,2,,,,,,,,,,
P151,,IOB,IO_L13P,UNUSED,,2,,,,,,,,,,
P152,,IOB,IO_VREF_2,UNUSED,,2,,,,,,,,,,
P153,,IOB,IO_DIN_D0_L12N_YY,UNUSED,,2,,,,,,,,,,
P154,,IOB,IO_DOUT_BUSY_L12P_YY,UNUSED,,2,,,,,,,,,,
P155,,,CCLK,,,,,,,,,,,,,
P156,,,VCCO,,,0,,,,,3.30,,,,,
P157,,,TDO,,,,,,,,,,,,,
P158,,,GND,,,,,,,,,,,,,
P159,,,TDI,,,,,,,,,,,,,
P160,,IOB,IO_CS_L11P_YY,UNUSED,,1,,,,,,,,,,
P161,,IOB,IO_WRITE_L11N_YY,UNUSED,,1,,,,,,,,,,
P162,,IOB,IO_VREF_1,UNUSED,,1,,,,,,,,,,
P163,GPS_RX_DATA<4>,IOB,IO,INPUT,LVTTL,1,,,,NONE,,,,NO,NONE,
P164,GPS_RX_DATA<1>,IOB,IO_VREF_1_L10P_YY,INPUT,LVTTL,1,,,,NONE,,,,NO,NONE,
P165,COM_RX_DATA<4>,IOB,IO_L10N_YY,INPUT,LVTTL,1,,,,NONE,,,,NO,NONE,
P166,COM_RX_DATA<2>,IOB,IO,INPUT,LVTTL,1,,,,NONE,,,,NO,NONE,
P167,COM_RX_DATA<1>,IOB,IO,INPUT,LVTTL,1,,,,NONE,,,,NO,NONE,
P168,COM_RX_DATA<5>,IOB,IO_VREF_1_L9P_Y,INPUT,LVTTL,1,,,,NONE,,,,NO,NONE,
P169,GPS_RX_DATA<6>,IOB,IO_L9N_Y,INPUT,LVTTL,1,,,,NONE,,,,NO,NONE,
P170,,,GND,,,,,,,,,,,,,
P171,,,VCCO,,,0,,,,,3.30,,,,,
P172,,,VCCINT,,,,,,,,1.8,,,,,
P173,GPS_RX_DATA<5>,IOB,IO_L8P_Y,INPUT,LVTTL,1,,,,NONE,,,,NO,NONE,
P174,COM_RX_DATA<6>,IOB,IO_L8N_Y,INPUT,LVTTL,1,,,,NONE,,,,NO,NONE,
P175,COM_TX_DATA<7>,IOB,IO_L7P_Y,OUTPUT,LVTTL,1,12,SLOW,NONE**,,,,,YES,NONE,
P176,GLCD_TX_DATA<2>,IOB,IO_L7N_Y,OUTPUT,LVTTL,1,12,SLOW,NONE**,,,,,YES,NONE,
P177,,,GND,,,,,,,,,,,,,
P178,GPS_TX_DATA<0>,IOB,IO_VREF_1_L6P_Y,OUTPUT,LVTTL,1,12,SLOW,NONE**,,,,,YES,NONE,
P179,COM_TX_DATA<1>,IOB,IO_L6N_Y,OUTPUT,LVTTL,1,12,SLOW,NONE**,,,,,YES,NONE,
P180,GLCD_TX_DATA<6>,IOB,IO,OUTPUT,LVTTL,1,12,SLOW,NONE**,,,,,YES,NONE,
P181,GLCD_TX_DATA<7>,IOB,IO_LVDS_DLL_L5P,OUTPUT,LVTTL,1,12,SLOW,NONE**,,,,,YES,NONE,
P182,,GCLKIOB,GCK2,UNUSED,,1,,,,,,,,,,
P183,,,GND,,,,,,,,,,,,,
P184,,,VCCO,,,0,,,,,3.30,,,,,
P185,,GCLKIOB,GCK3,UNUSED,,0,,,,,,,,,,
P186,,,VCCINT,,,,,,,,1.8,,,,,
P187,GPS_TX_DATA<4>,IOB,IO_LVDS_DLL_L5N,OUTPUT,LVTTL,0,12,SLOW,NONE**,,,,,YES,NONE,
P188,SRAM_TX_DATA<6>,IOB,IO_L4P_Y,OUTPUT,LVTTL,0,12,SLOW,NONE**,,,,,YES,NONE,
P189,SRAM_TX_DATA<5>,IOB,IO_VREF_0_L4N_Y,OUTPUT,LVTTL,0,12,SLOW,NONE**,,,,,YES,NONE,
P190,,,GND,,,,,,,,,,,,,
P191,GPS_TX_DATA<6>,IOB,IO_L3P_Y,OUTPUT,LVTTL,0,12,SLOW,NONE**,,,,,YES,NONE,
P192,GPS_TX_DATA<5>,IOB,IO_L3N_Y,OUTPUT,LVTTL,0,12,SLOW,NONE**,,,,,YES,NONE,
P193,GPS_RX_VALID,IOB,IO_L2P_Y,INPUT,LVTTL,0,,,,IFD,,,,YES,NONE,
P194,GLCD_TX_ACK,IOB,IO_L2N_Y,INPUT,LVTTL,0,,,,NONE,,,,NO,NONE,
P195,,,VCCINT,,,,,,,,1.8,,,,,
P196,,,VCCO,,,0,,,,,3.30,,,,,
P197,,,GND,,,,,,,,,,,,,
P198,SRAM_RX_DATA<6>,IOB,IO_L1P_Y,INPUT,LVTTL,0,,,,NONE,,,,NO,NONE,
P199,SRAM_RX_DATA<4>,IOB,IO_VREF_0_L1N_Y,INPUT,LVTTL,0,,,,NONE,,,,NO,NONE,
P200,GPS_RX_ACK,IOB,IO,OUTPUT,LVTTL,0,12,SLOW,NONE**,,,,,NO,NONE,
P201,,IOB,IO,UNUSED,,0,,,,,,,,,,
P202,,IOB,IO_L0P_YY,UNUSED,,0,,,,,,,,,,
P203,,IOB,IO_VREF_0_L0N_YY,UNUSED,,0,,,,,,,,,,
P204,,IOB,IO,UNUSED,,0,,,,,,,,,,
P205,,IOB,IO_VREF_0,UNUSED,,0,,,,,,,,,,
P206,,IOB,IO,UNUSED,,0,,,,,,,,,,
P207,,,TCK,,,,,,,,,,,,,
P208,,,VCCO,,,0,,,,,3.30,,,,,

# -----,-----,-----,-----,-----,-----,-----,-----,-----,-----,-----,-----,-----,-----,-----,-----,
# 
#* Default value.
#** This default Pullup/Pulldown value can be overridden in Bitgen. 
#****** This value can be any of the allowed voltages 
#       (1.5v,1.8v,2.5v,3.3v) or VCCAUX 
#
#
#